CREATE DATABASE  IF NOT EXISTS `ac` /*!40100 DEFAULT CHARACTER SET latin1 */;
USE `ac`;
-- MySQL dump 10.13  Distrib 5.7.9, for Win64 (x86_64)
--
-- Host: localhost    Database: ac
-- ------------------------------------------------------
-- Server version	5.7.11-log

/*!40101 SET @OLD_CHARACTER_SET_CLIENT=@@CHARACTER_SET_CLIENT */;
/*!40101 SET @OLD_CHARACTER_SET_RESULTS=@@CHARACTER_SET_RESULTS */;
/*!40101 SET @OLD_COLLATION_CONNECTION=@@COLLATION_CONNECTION */;
/*!40101 SET NAMES utf8 */;
/*!40103 SET @OLD_TIME_ZONE=@@TIME_ZONE */;
/*!40103 SET TIME_ZONE='+00:00' */;
/*!40014 SET @OLD_UNIQUE_CHECKS=@@UNIQUE_CHECKS, UNIQUE_CHECKS=0 */;
/*!40014 SET @OLD_FOREIGN_KEY_CHECKS=@@FOREIGN_KEY_CHECKS, FOREIGN_KEY_CHECKS=0 */;
/*!40101 SET @OLD_SQL_MODE=@@SQL_MODE, SQL_MODE='NO_AUTO_VALUE_ON_ZERO' */;
/*!40111 SET @OLD_SQL_NOTES=@@SQL_NOTES, SQL_NOTES=0 */;

--
-- Table structure for table `customer`
--

DROP TABLE IF EXISTS `customer`;
/*!40101 SET @saved_cs_client     = @@character_set_client */;
/*!40101 SET character_set_client = utf8 */;
CREATE TABLE `customer` (
  `id` int(10) NOT NULL,
  `fname` varchar(255) DEFAULT NULL,
  `lname` varchar(255) DEFAULT NULL,
  `address` varchar(255) DEFAULT NULL,
  `city` varchar(255) DEFAULT NULL,
  `state` varchar(255) DEFAULT NULL,
  `zip` varchar(255) DEFAULT NULL,
  `phone` varchar(255) DEFAULT NULL,
  `company_name` varchar(255) DEFAULT NULL,
  `type` varchar(1) DEFAULT NULL,
  `discount` int(10) DEFAULT NULL,
  `max_quantity_order` int(10) DEFAULT NULL,
  PRIMARY KEY (`id`)
) ENGINE=InnoDB DEFAULT CHARSET=latin1;
/*!40101 SET character_set_client = @saved_cs_client */;

--
-- Dumping data for table `customer`
--

LOCK TABLES `customer` WRITE;
/*!40000 ALTER TABLE `customer` DISABLE KEYS */;
INSERT INTO `customer` VALUES (101,'Michaels','Devlin','3114 Pioneer Avenue','Rutherford','NJ','07070','2015558966','The Power Group','B',10,NULL),(102,'Beth','Reiser','1033 Whippany Road','New York','NY','10154','2125558725','AMF Corp.','B',5,NULL),(103,'Erin','Niedringhaus','1990 Windsor Street','Paoli','PA','19301','2155556513','Darling Associates','B',10,NULL),(104,'Meghan','Mason','550 Dundas Street East','Knoxville','TN','37919','6155555463','P.S.C.','B',10,NULL),(105,'Laura','McCarthy','1210 Highway 36','Carmel','IN','46032','3175558437','Amo & Sons','S',NULL,75),(106,'Paul','Phillips','2000 Cherry Creek N. Dr.','Middletown','CT','64579','2035553464','Ralston Inc.','S',NULL,60),(107,'Kelly','Colburn','18131 Vallco Parkway','Raleigh','NC','27695-7209','9195555152','The Home Club','B',5,NULL),(108,'Matthew','Goforth','11801 Wayzata Blvd.','Chattanooga','TN','37421','6155558926','Raleigh Co.','S',NULL,60),(109,'Jessie','Gagliardo','2800 Park Avenue','Hull','PQ','K1A 0H3','8195559539','Newton Ent.','S',NULL,120),(110,'Michael','Agliori','13705 North Glebe Road','Columbus','OH','43216','6145552496','The Pep Squad','B',10,NULL),(111,'Dylan','Ricci','14700 Prosperity Avenue','Syracuse','NY','13202','3155554486','Dynamics Inc.','B',5,NULL),(112,'Shawn','McDonough','15175 S Main Street','Brooklyn Park','MN','55428','6125555603','McManus Inc.','S',NULL,50),(113,'Samuel','Kaiser','404 Bristol Street','Minneapolis','MN','55041','6125553409','Lakes Inc.','S',NULL,75),(114,'Shane','Chopp','9925 Summer Street','St Paul','MN','55104','6125556453','Howard Co.','B',5,NULL),(115,'Shannon','Phillips','20555 Cory Road','St Paul','MN','55114','6125556425','Sterling & Co.','S',NULL,100),(116,'Brian','Gugliuzza','39111 Wyman Street','Mamaroneck','NY','10543','9145553817','Sampson & Sons','B',5,NULL),(117,'Meredith','Morgan','9191 Galveston Drive','Westerville','OH','43081','6145558989','Square Sports','S',NULL,60),(118,'Kristina','Sanford','2196th Street','Raleigh','NC','27695-7209','9195555152','Raleigh Active Wear','S',NULL,110),(119,'Tomm','Smith','3 Post Oak Blvd.','South Laguna','CA','92677','7145554996','Ocean Sports','S',NULL,75),(120,'Gertrude','Stein','4 Amon Carter Blvd.','Elmsford','NY','10523','9145553476','Carney Co.','S',NULL,50),(121,'Pete','Elkins','23 Lawerence Street','Carmel','IN','46032','3175558437','Carmel Industries','B',5,NULL),(122,'Al','Dente','25 N.E. 38th Place','McLean','VA','22102','7035557491','Virgina Power','S',NULL,75),(123,'Amanda','Lin','25 North Pine Grove','Winnipeg','MB','R3C 3V6','2045555559','North Land Trading','S',NULL,60),(124,'Fanny','Farmer','110 Barnard Lane','Wilmington','MA','01887','6175559386','The Ristuccia Center','S',NULL,110),(125,'Sidney','Smelledge','125 Merritt Drive','St. Louis','MO','63101','3145553426','Bush Pro Shop','S',NULL,100),(126,'Sam','Ovar','5 Lindenwood Drive','San Francisco','CA','94105','4155555972','Golden Gate Active Wear','S',NULL,50),(127,'Mary','Lamm','10 McKinney','Sarasota','FL','34243','8135557566','The Palms','S',NULL,75),(128,'Hardy','Mums','11 5th Avenue S.W.','Boston','MA','02106','6175554340','BoSox Club','S',NULL,110),(129,'Heinz','Fahrvergnugen','11 Armagh Street','Baltimore','MD','21202','3015553322','Camden Sports Apparel','B',5,NULL),(130,'Sal','Monella','20th Eastlake Avenue','New Berlin','WI','53141','4145556799','Wyse Corp.','S',NULL,100),(131,'Daljit','Sinnot','145 Presidents Landing','Bohemia','NY','11716','5165559811','The Pro Shopp','S',NULL,60),(132,'Marilyn','King','167 South Ulster','Fort Wayne','IN','46801','2195554551','Bristol Co.','B',5,NULL),(133,'Moe','Bilhome','180 W. Colfax Avenue','Burbank','CA','91505','8185558455','Bilhome Industries','S',NULL,75),(134,'Paddy','O\'Furniture','1180 W. Las Colinas','Mogadore','OH','44260','2165556283','Gifts & Things','S',NULL,60),(135,'Belinda','Clarke','204 Constitution Avenue','New York','NY','10001','2125555026','Hermanns','S',NULL,90),(136,'Tommie','Wooten','1322 Hing Wai Building','Plymouth','MN','55447','6125553373','Leisure Time','B',5,NULL),(137,'Polly','Morfek','879 Hopyard Road','Ft. Wayne','IN','46808','2195554297','Sports Plus','S',NULL,60),(138,'Regus','Patoff','22 James Way','Burlington','ON','L7N 5L1','9065554252','Sports Replay','S',NULL,50),(139,'Jai','Dimitros','236 Marineship Way','Boston','MA','02201','6175556354','Martins Landing','B',5,NULL),(140,'Thomas','Thumb','250 North Vine Street','Salt Lake City','UT','84180','8015553550','Ski,Ski,Ski','S',NULL,60),(141,'Peter','Pyper','408 Beta Mall','Fort Wayne','IN','46801','2195554552','Mall Side Sports','S',NULL,40),(142,'Alfredo','Margolis','400 Bloor Street East','Kansas City','MO','64114','8165558543','Creative Customs Inc.','S',NULL,40),(143,'Peter','Piper','3100 Stevens Creek Blvd.','Winnipeg','MB','R3C 3V6','2045559414','Molly\'s','S',NULL,60),(144,'Fangmei','Wan','4513 E. Hillsdale','Stowe','MA','01775','5085558979','Green Acre\'s Custom Tee\'s','S',NULL,75),(145,'John','Doe','357 Wellworth Ave','Fairfax','VA','22030','7035552184','Doe, Rae, Mee','S',NULL,40),(146,'Alberto','Yost','375 White Horse Road','Spokane','WA','99216','5095559276','Custom Designs','S',NULL,40),(147,'Manoj','Lela','501 Third Avenue North','Wood Bridge','NJ','07095','9085556021','Norton Co.','S',NULL,50),(148,'Beth','Crooker','501 College Road','Winnepeg','MB','R3C 2P4','2045555554','Cooper Inc.','S',NULL,100),(149,'Hans','Uhnfitte','3700 West Wacker Dr','Winnepeg','MB','R3C `2P4','2045554744','The Ultimate','S',NULL,110),(150,'Carl','Mason','1000 Powell Street','Don Mills','ON','M3C 3N4','4165555108','Power Play','S',NULL,60),(151,'Balwinder','Sinitskaya','1133 Century Blvd','Overland Park','KS','66210','9135554519','Toto\'s Active Wear','S',NULL,75),(152,'Davey','Jones','1218 Inelt Business Ctr.','Austin','NY','11746','5165555952','Play it again Sports','S',NULL,60),(153,'Paul','Jones','1221 Innovation Drive','Cincinnati','OH','45202','5135557622','Three Rivers Pro Shop','S',NULL,60),(154,'Marvin','Smythe','1291 North 27th Ave','North Miami','FL','33181','3055559457','Marlin Mainia','S',NULL,60),(155,'Milo','Phipps','1380 Osterbrogade','Lakewood','OH','44107','2165552264','Things Remembered','S',NULL,75),(156,'Sue','DuCode','1515 San Thomas Avenue','St Louis','MO','63131','3145558227','Ozzie\'s Haven','S',NULL,40),(157,'William','Watcom','1615 Silver Lake Road','Chicago','IL','60645','3125557433','The Cub\'s Den','B',5,NULL),(158,'Jack','Cass','3626 West Court Street','Lexington','MA','02173','6175558610','Jordan\'s Basement','S',NULL,75),(159,'Rick','Shaw','3715 West Loop South','West Bloomfield','MI','48324','3135553638','ScrimShaw\'s','S',NULL,90),(160,'Clara','Nette','3773 Wilshire Blvd','Port Washington','NY','11050','5165556250','Discount Department Store','S',NULL,100),(161,'Gene','Poole','3860 Vreeland Road','Washington','DC','20581','2025556537','State House Active Wear','S',NULL,150),(162,'Melba','Toste','3930 51st Ave North','Powell','OH','43065','6145558983','The Real Deal','S',NULL,75),(163,'R.I.','Peese','4199 Buckingham','Mississauga','ON','L4W 2S6','4165556026','Mount Eastern Sports','S',NULL,60),(164,'Aram','Najarian','200 Cambridge Center','Danbury','CT','6811','2035557907','Bloomfield\'s','S',NULL,75),(165,'Tamara','Mournen','42 Choke Cherry Road','Ft. Wayne','IN','46808','2195554297','Moran\'s Gift Shop','S',NULL,50),(166,'Malcolm','Naddem','4255 Commerce Parkway','Buford','GA','30518','4045552529','Hospital Gift\'s','B',5,NULL),(167,'Nicklas','Cara','1700 State Highway 249','Lakewood','OH','44107','2165552264','The Road Side Inn','S',NULL,50),(168,'Almen','de Joie','1750 Sweitzer Lane','Huntington Beach','CA','92649','7145555475','Surf\'s Up!','S',NULL,100),(169,'Laura','Terlemezian','240 First Street','Matthews','NC','28105','7045558411','CoMed','S',NULL,60),(170,'Manh','Neubauer','2140 Haddington Street','Jacksonville','FL','32206','9045553551','Jason\'s Sporting Goods','S',NULL,120),(171,'Vincent','Nahra','2180 Harwin Drive','West Chicago','IL','60185-1120','3125555551','Iron Mike\'s Apparel','S',NULL,75),(172,'Grace','Perez','395 Market Street','Landover','MA','20785','3015557728','Avon Inc.','S',NULL,75),(173,'Grover','Pendelton','239 Merritt Drive','Clarksburg','MD','20871','3015554284','Simply Tee\'s','S',NULL,50),(174,'Anabai','Zoblotny','12600 N.E. Airport Way','Denver','CO','80225','3035552757','Hats Etc.','S',NULL,75),(175,'Tawfik','Perkins','1270 N.W. 7th Avenue','Victoria','BC','V8W 2B7','6045553801','The Hat Company','S',NULL,75),(176,'Helen','Shumovich','2800 Park Plaza #1800','Baltimore','MD','21209','4105553322','The Bird\'s Loft','S',NULL,100),(177,'Joseph','Zubenko','314 Stonehollow Drive','Raleigh','NC','27695','9195555152','Avco Ent.','S',NULL,40),(178,'Suresh','Naidu','321 Sycamore Drive','New London','CT','6320','2035554440','Amy\'s Silk Screening','S',NULL,60),(179,'Marsha','Nguyen','44 Dunlaney Gate Circle','Miramar','FL','33027','3055554336','Resco','S',NULL,100),(180,'Edith','Peros','50 Market Street','Rochester','NY','14624','7165554275','Breswick\'s Department Store','S',NULL,40),(181,'Emunah','Teeven','101 Wilshire Blvd.','Washington','DC','20240','2025552083','Hometown Tee\'s','S',NULL,50),(182,'Leilani','Gardner','103 Campus Drive','Acworth','CA','30102','4045559283','Polly\'s Custom Design','B',5,NULL),(183,'Marilyn','Nakagama','105 Central Avenue','Winter Park','FL','32792','4075556776','Zoo Gift Shop','S',NULL,75),(184,'Anoush','Serafina','4643 Greenway Place','Overland Park','KS','66210','9135554519','Westend Dealers','S',NULL,100),(185,'Serop','Belmont','4867 Hadley Lane','Hartford','CT','6115','2035555474','The Heartford','S',NULL,40),(186,'Thao','Tenorio','5000 Midway Road','Kansas City','MO','64105','8165558543','Wally\'s World','S',NULL,50),(187,'Sebouh','Bensoul','8024 Van Ness Way','Peoria','IL','61614','3095556915','Bensoul\'s Boutique','S',NULL,50),(188,'Vartan','Berenberg','1020 110th Avenue N.E.','Northbrook','IL','60062','7085552914','Diva\'s Design','S',NULL,50),(189,'Herbert','Berejiklian','1535 Municiple Drive','Cambridge','MA','02142','6175553547','Out of Town Sports','S',NULL,60),(190,'Randy','Arlington','1635 N Franklin Turnpike','Detriot','MI','48214','3135555716','Jim Dandy\'s','S',NULL,75),(191,'Marta','Richards','10707 Northridge Road','Miami','FL','33172','3055554711','Ocean Sports Wear','S',NULL,140),(192,'Rosanna','Beldov','1889 Northside Parkway','Sioux City','IA','51102','7125552741','Morrell Inc.','S',NULL,75),(193,'Alfred','Newman','2721 Northeast 99th Way','Kansas City','MO','64114','8165558543','Big Sky Design','S',NULL,120),(194,'Jen-Chang','Chin','2770 Oyster Point Blvd','Fairfax','VA','02203','7035558037','Cinnamon Rainbow\'s','S',NULL,60),(195,'Li-Hui','Jyh-Hwa','301 Potrero Avenue','Atlanta','GA','30303','4045556762','Peachtree Active Wear','S',NULL,100),(196,'Ling Ling','Andrews','303 Roe Avenue','Edmonton','AB','T5N 1S5','4035554884','The Igloo','S',NULL,60),(197,'Maio','Chermak','330 Sycamore Road','Atlanta','GA','30346','4045558046','Southern Sports','S',NULL,90),(198,'Sheng','Chen','1801 W. Six Mile Road','San Ramon','CA','94583','5105558666','Able Inc.','B',5,NULL),(199,'Ella','Mentary','452 Embarcadero Center','Rochester','NY','14644','7165554236','Nobel Co.','B',10,NULL),(200,'Helen','Chau','1900 Yamato Road','North Potomac','MD','20878','3015553099','Stone\'s Sporting Goods','B',10,NULL),(201,'Amit','Singh','1986 Yonge Street','Overland Park','KS','66210','9135554519','Overland Army Navy','B',10,NULL),(202,'Bubba','Murphy','2401 N. 44th Street','White Plains','NY','10604','9145556961','Dane\'s World','B',10,NULL),(203,'Salton','Pepper','401 Boylston Street','Madison','WI','53705','6085552673','Salt & Pepper\'s','S',NULL,75),(204,'Robert','Spaid','333 Town Center','Jackson','MI','49202','5175557883','Cognos Sports','B',10,NULL),(205,'Elmo','Smythe','2815 Plaza Street','East Douglas','MA','01516','5085554761','East Coast Traders','B',5,NULL),(206,'JohnPaul','Jones','2999 Post Oak Blvd.','Reston','VA','22091','7035556209','Chadwicks','B',5,NULL),(207,'Wen-Chu','Donchek','2406 N. Mission','Lisle','IL','60532','7085555055','The Country Store','S',NULL,75),(208,'Derek','Suess','234 King George Drive','Albany','NY','12208','5185552623','Capital Center Sports','S',NULL,100),(209,'Laura','Boyle','130 Pillsbury Road','Los Altos','CA','94022','4155559678','Boyle\'s Swap Meet','B',10,NULL),(220,'Lewis N.','Clark','245 Expedition Hwy','Laramie','WY','85293','3075556589','Trek Outfitters','S',NULL,NULL),(221,'Jack','Johnson','45 Shoebox Lane','Santa Fe','NM','40420','5055554568','Turkey Creek Co.','S',NULL,NULL),(222,'Jane','Doe','57 Disk Drive','San Jose','CA','94020','4085558796','data Recovery Services','S',NULL,NULL),(330,'John','Glenn','90 Rocket Pad','Orlando','FL','32200','4075558574','Launch Facilities','S',NULL,NULL),(331,'Dominic','Johansen','33 West Street','New Orleans','LA','33552','5045558487','Mardi Gras Parties','S',NULL,NULL),(332,'Stanley','Jue','67 Bronco Circle','Houston','TX','77057','7135558857','Bay Town Bus Co.','S',NULL,NULL),(333,'Harry','Jones','25 Software Rd','San Jose','CA','94020','4085556689','Bits & Bytes','S',NULL,NULL),(440,'Marie','Curie','210 Helping Hand Hwy','LeCroix','MA','02140','6175558875','Wind & Rain','S',NULL,NULL),(441,'Elizibeth','Bordon','87 Grinding Stone Rd','New Bedford','MA','01801','5085558879','Blades & things','S',NULL,NULL),(444,'Len','Manager','23 Network Way','Dallas','TX','76552','2145552685','Let\'s get Connected','S',NULL,NULL),(550,'Tony','Antolini','6678 Sliver Road','Fargo','ND','60500','7015553259','Flat Landers','S',NULL,NULL),(551,'Tom','Cruz','789 Far Away Lane','Eugene','OR','98524','5035557462','Raceway Engines','S',NULL,NULL),(552,'Janice','O\'Toole','654 West Hill','Nashville','TN','37320','6155553689','Greensleeves','S',NULL,NULL),(553,'Stevie','Nickolas','77 Recordings Circle','Tacoma','WA','96521','5095551695','It\'s a Hit!','S',NULL,NULL),(555,'Philipe','Fernandez','99 Main Street','Los Angeles','CA','90205','2135554457','Quaker Fashions','S',NULL,NULL),(661,'Jennifer','Stutzman','3 Back Pages Lane','Missola','IL','60505','7085556857','Stutzman Advertising','S',NULL,NULL),(665,'William','Thompson','91 Washington Street','Manchester','NY','11700','5165552549','The Apple Farm','S',NULL,NULL);
/*!40000 ALTER TABLE `customer` ENABLE KEYS */;
UNLOCK TABLES;

--
-- Table structure for table `department`
--

DROP TABLE IF EXISTS `department`;
/*!40101 SET @saved_cs_client     = @@character_set_client */;
/*!40101 SET character_set_client = utf8 */;
CREATE TABLE `department` (
  `dept_id` int(10) NOT NULL,
  `dept_name` varchar(255) DEFAULT NULL,
  `dept_head_id` int(10) DEFAULT NULL,
  PRIMARY KEY (`dept_id`),
  KEY `dept_head_id` (`dept_head_id`)
) ENGINE=InnoDB DEFAULT CHARSET=latin1;
/*!40101 SET character_set_client = @saved_cs_client */;

--
-- Dumping data for table `department`
--

LOCK TABLES `department` WRITE;
/*!40000 ALTER TABLE `department` DISABLE KEYS */;
INSERT INTO `department` VALUES (100,'R & D',501),(200,'Sales',902),(300,'Finance',1293),(400,'Marketing',1576),(500,'Shipping',703),(600,'HRM',703),(700,'Purchase',949);
/*!40000 ALTER TABLE `department` ENABLE KEYS */;
UNLOCK TABLES;

--
-- Table structure for table `employee`
--

DROP TABLE IF EXISTS `employee`;
/*!40101 SET @saved_cs_client     = @@character_set_client */;
/*!40101 SET character_set_client = utf8 */;
CREATE TABLE `employee` (
  `emp_id` int(10) NOT NULL,
  `manager_id` int(10) DEFAULT NULL,
  `emp_fname` varchar(255) DEFAULT NULL,
  `emp_lname` varchar(255) DEFAULT NULL,
  `dept_id` int(10) DEFAULT NULL,
  `street` varchar(255) DEFAULT NULL,
  `city` varchar(255) DEFAULT NULL,
  `state` varchar(255) DEFAULT NULL,
  `zip_code` varchar(255) DEFAULT NULL,
  `phone` varchar(255) DEFAULT NULL,
  `status` varchar(255) DEFAULT NULL,
  `ss_number` varchar(255) DEFAULT NULL,
  `salary` double(15,5) DEFAULT NULL,
  `start_date` datetime DEFAULT NULL,
  `termination_date` varchar(255) DEFAULT NULL,
  `birth_date` datetime DEFAULT NULL,
  `bene_health_ins` varchar(255) DEFAULT NULL,
  `bene_life_ins` varchar(255) DEFAULT NULL,
  `bene_day_care` varchar(255) DEFAULT NULL,
  `sex` varchar(255) DEFAULT NULL,
  PRIMARY KEY (`emp_id`),
  KEY `DepartmentEmployee` (`dept_id`),
  KEY `dept_id` (`dept_id`),
  KEY `manager_id` (`manager_id`),
  KEY `zip_code` (`zip_code`)
) ENGINE=InnoDB DEFAULT CHARSET=latin1;
/*!40101 SET character_set_client = @saved_cs_client */;

--
-- Dumping data for table `employee`
--

LOCK TABLES `employee` WRITE;
/*!40000 ALTER TABLE `employee` DISABLE KEYS */;
INSERT INTO `employee` VALUES (102,501,'Fran','Whitney',100,'49 East Washington Street','Needham','MA','02192','6175553985','A','017349033',45700.00000,'1987-02-26 00:00:00',NULL,'1959-06-05 00:00:00','Y','Y','N','F'),(105,501,'Matthew','Cobb',100,'77 Pleasant Street','Waltham','MA','02154','6175553840','A','052345739',80000.00000,'1987-07-02 00:00:00',NULL,'1961-12-04 00:00:00','Y','Y','N','M'),(129,902,'Philip','Chin',200,'59 Pond Street','Atlanta','GA','30339','4045552341','A','024608923',38500.00000,'1987-08-04 00:00:00',NULL,'1967-10-30 00:00:00','Y','Y','N','M'),(148,1293,'Julie','Jordan',300,'144 Great Plain Avenue','Winchester','MA','01890','6175557835','A','501704733',41432.00000,'1987-10-04 00:00:00',NULL,'1952-12-13 00:00:00','Y','Y','N','F'),(160,501,'Robert','Breault',100,'58 Cherry Street','Milton','MA','02186','6175553099','A','025487623',57490.00000,'1987-12-16 00:00:00',NULL,'1948-05-13 00:00:00','Y','Y','Y','M'),(184,1576,'Melissa','Espinoza',400,'112 Apple Tree Way','Stow','MA','01775','5085552319','A','025481943',36490.00000,'1988-04-18 00:00:00',NULL,'1940-12-14 00:00:00','Y','Y','N','F'),(191,703,'Jeannette','Bertrand',500,'209 Concord Street','Acton','MA','01720','5085558138','A','017348821',32780.00000,'1988-05-20 00:00:00',NULL,'1965-12-21 00:00:00','Y','Y','Y','F'),(195,902,'Marc','Dill',200,'89 Hancock Street','Milton','MA','02186','6175552144','A','079486634',54800.00000,'1988-06-06 00:00:00',NULL,'1964-07-19 00:00:00','Y','Y','N','M'),(207,1576,'Jane','Francis',400,'12 Hawthorne Drive','Concord','MA','01742','5085559022','A','501708992',53870.00000,'1988-08-04 00:00:00',NULL,'1955-09-12 00:00:00','Y','Y','N','F'),(243,501,'Natasha','Shishov',100,'15 Milk Street','Waltham','MA','02154','6175552755','A','043216799',72995.00000,'1988-12-06 00:00:00',NULL,'1950-04-22 00:00:00','Y','Y','N','F'),(247,501,'Kurt','Driscoll',100,'154 School Street','Waltham','MA','02154','6175551234','L','024601768',48023.00000,'1988-12-30 00:00:00',NULL,'1956-03-05 00:00:00','Y','Y','Y','M'),(249,501,'Rodrigo','Guevara',100,'East Main Street','Framingham','MA','01701','5085550029','A','084329990',42998.00000,'1989-04-13 00:00:00',NULL,'1957-11-23 00:00:00','Y','Y','N','M'),(266,501,'Ram','Gowda',100,'79 Page Street','Natick','MA','01760','5085558722','A','017346122',59840.00000,'1989-05-30 00:00:00',NULL,'1948-10-18 00:00:00','N','Y','N','M'),(278,501,'Terry','Melkisetian',100,'87 Oxford Road','Watertown','MA','02172','6175555188','A','087602311',48500.00000,'1989-06-05 00:00:00',NULL,'1967-05-17 00:00:00','Y','Y','Y','F'),(299,902,'Rollin','Overbey',600,'1915 Companion Ct.','Emeryville','CA','94608','5105557255','A','025487133',39300.00000,'1989-08-19 00:00:00',NULL,'1965-03-15 00:00:00','Y','Y','N','M'),(316,501,'Lynn','Pastor',100,'14 Cricklewood Drive','Burlington','MA','01803','6175552001','A','048667211',74500.00000,'1989-10-24 00:00:00',NULL,'1963-07-14 00:00:00','Y','Y','Y','F'),(318,1576,'John','Crow',400,'531 Main Street','Watertown','MA','02172','6175553332','A','079349168',41700.00000,'1989-11-20 00:00:00',NULL,'1963-04-24 00:00:00','Y','Y','N','M'),(390,1293,'Jo Ann','Davidson',300,'27 Mount Vernon Road','Needham','MA','02192','6175553870','A','027341657',57090.00000,'1989-11-30 00:00:00',NULL,'1958-02-17 00:00:00','N','Y','Y','F'),(409,1576,'Bruce','Weaver',400,'19 Westmoreland Street','Lexington','MA','02173','6175554444','A','048781192',46550.00000,'1989-12-08 00:00:00',NULL,'1947-04-05 00:00:00','Y','Y','N','M'),(445,501,'Kim','Lull',100,'199 Lincoln Street','Concord','MA','01742','5085554444','A','017508821',87900.00000,'1989-12-13 00:00:00',NULL,'1956-01-19 00:00:00','Y','Y','N','M'),(453,501,'Andrew','Rabkin',100,'44 Birds Hill Way','Burlington','MA','01803','6175554444','A','029458129',64500.00000,'1989-12-13 00:00:00',NULL,'1958-08-10 00:00:00','Y','Y','N','M'),(467,902,'James','Klobucher',200,'18 Corning Street','Houston','TX','77079','7135558627','A','034281032',49500.00000,'1990-01-07 00:00:00',NULL,'1953-11-09 00:00:00','Y','Y','N','M'),(479,501,'Linda','Siperstein',100,'341 Hillside Avenue','Newton','MA','02164','6175556588','L','022415639',39875.00000,'1990-01-20 00:00:00',NULL,'1968-09-21 00:00:00','Y','Y','N','F'),(501,501,'David','Scott',100,'21 Riverdale Drive','Belmont','MA','02178','6175553246','A','064983327',96300.00000,'1990-02-01 00:00:00',NULL,'1948-03-01 00:00:00','Y','Y','Y','M'),(529,501,'Dorothy','Sullivan',100,'124 Minuteman Drive','Lexington','MA','02173','6175553947','A','501324492',67890.00000,'1990-08-03 00:00:00',NULL,'1951-04-19 00:00:00','Y','Y','N','F'),(582,501,'Peter','Samuels',100,'54 Woodlawn Street','Newton','MA','02164','6175558342','A','038218867',37400.00000,'1990-09-21 00:00:00',NULL,'1969-02-28 00:00:00','Y','Y','N','M'),(586,1293,'James','Coleman',300,'57 Heather Hill Drive','Acton','MA','01720','5085554735','L','031281245',42300.00000,'1990-10-04 00:00:00',NULL,'1967-03-04 00:00:00','Y','Y','N','M'),(591,1576,'Irene','Barletta',400,'37 Gleason Street','Bedford','MA','01730','6175558345','A','056872399',45450.00000,'1991-01-16 00:00:00',NULL,'1958-01-30 00:00:00','Y','Y','Y','F'),(604,501,'Albert','Wang',100,'48 Edwin Street','Waltham','MA','02154','6175558741','A','023486621',68400.00000,'1991-03-30 00:00:00',NULL,'1959-12-25 00:00:00','Y','Y','N','M'),(641,902,'Thomas','Powell',200,'48 Kennedy Court','Newton','MA','02162','6175551956','A','038726633',54600.00000,'1991-04-14 00:00:00',NULL,'1952-10-31 00:00:00','Y','Y','N','M'),(667,902,'Mary','Garcia',200,'98 Purvis Street','Houston','TX','77079','7135553431','A','042706188',39800.00000,'1991-05-23 00:00:00',NULL,'1964-01-23 00:00:00','N','Y','Y','F'),(690,902,'Kathleen','Poitras',200,'50 The Fenway','Boston','MA','02118','6175553920','A','087236702',46200.00000,'1991-05-29 00:00:00',NULL,'1966-09-29 00:00:00','N','Y','N','F'),(703,902,'Jose','Martinez',500,'495 Washington Street','Westwood','MA','02090','6175557114','A','012896755',61050.00000,'1991-06-01 00:00:00',NULL,'1954-07-22 00:00:00','Y','Y','N','M'),(750,703,'Jane','Braun',500,'45 Wood Street','Cambridge','MA','02140','6175557857','A','012459381',37730.00000,'1991-07-04 00:00:00',NULL,'1940-08-09 00:00:00','Y','Y','N','F'),(757,1293,'Denis','Higgins',300,'1033 Massachusetts Avenue','Lexington','MA','02173','6175553985','A','067829311',43700.00000,'1991-08-24 00:00:00',NULL,'1969-05-12 00:00:00','Y','Y','N','F'),(839,501,'Dean','Marshall',100,'44 Mount Pleasant Street','Belmont','MA','02178','6175553707','A','034629123',42500.00000,'1991-10-19 00:00:00',NULL,'1967-05-21 00:00:00','Y','Y','N','M'),(856,902,'Samuel','Singer',200,'187 Orchard Road','Stow','MA','01775','5085553255','A','011349786',34892.00000,'1991-11-30 00:00:00',NULL,'1960-04-07 00:00:00','Y','Y','N','M'),(862,501,'John','Sheffield',100,'45 Belleview Drive','Houston','TX','77079','7135553877','A','018458291',87900.00000,'1991-12-14 00:00:00',NULL,'1956-09-25 00:00:00','Y','Y','Y','M'),(868,1703,'Felicia','Kuo',500,'79 Oak Street','Cambridge','MA','02140','6175552385','A','043592831',28200.00000,'1992-01-10 00:00:00',NULL,'1969-07-24 00:00:00','Y','Y','N','F'),(879,1293,'Kristen','Coe',300,'30 Rainbow Road','West Roxbury','MA','02132','6175559192','A','027581035',36500.00000,'1992-01-16 00:00:00',NULL,'1966-11-11 00:00:00','Y','Y','N','F'),(888,1576,'Doug','Charlton',400,'57 Webster Street','Concord','MA','01742','5085559246','A','036102935',28300.00000,'1992-03-10 00:00:00',NULL,'1967-01-23 00:00:00','N','Y','N','M'),(902,1293,'Moira','Kelly',200,'12 Fountain Road','Gloucester','MA','01930','5085553769','A','015923467',87500.00000,'1992-04-01 00:00:00',NULL,'1951-08-16 00:00:00','Y','Y','N','F'),(913,902,'Ken','Martel',200,'23 Lincoln Street','Needham','MA','02192','6175558474','A','022783569',55700.00000,'1992-04-16 00:00:00',NULL,'1944-04-23 00:00:00','N','Y','N','M'),(921,703,'Charles','Crowley',500,'421 Beacon Street','Belmont','MA','02178','6175559425','A','034568789',41700.00000,'1992-04-22 00:00:00',NULL,'1961-09-11 00:00:00','Y','Y','N','M'),(930,902,'Ann','Taylor',200,'25 Westminster Street','Atlanta','GA','30339','4045551515','A','062890293',46890.00000,'1992-05-08 00:00:00',NULL,'1963-06-06 00:00:00','Y','Y','Y','F'),(949,902,'Pamela','Savarino',200,'112 Beach Street','Long Beach','CA','90806','3105551857','A','018762936',72300.00000,'1992-05-08 00:00:00',NULL,'1956-07-28 00:00:00','Y','Y','N','F'),(958,501,'Thomas','Sisson',100,'54 School Street','Houston','TX','77079','7135558390','A','017283997',42100.00000,'1992-07-16 00:00:00',NULL,'1970-10-02 00:00:00','Y','Y','N','M'),(992,1576,'Joyce','Butterfield',400,'119 Adams Street','Cambridge','MA','02140','6175552232','A','023487085',34011.00000,'1992-08-13 00:00:00',NULL,'1961-04-15 00:00:00','Y','Y','N','F'),(1013,703,'Joseph','Barker',500,'58 West Drive','Bedford','MA','01730','6175558021','A','023470756',27290.00000,'1992-09-10 00:00:00',NULL,'1970-02-14 00:00:00','N','Y','N','M'),(1021,902,'Paul','Sterling',200,'112 Endicott Street','Concord','MA','01742','5085550295','A','037846595',64900.00000,'1992-10-28 00:00:00',NULL,'1951-02-27 00:00:00','Y','Y','Y','M'),(1039,902,'Shih Lin','Chao',200,'59 Holyoke Street','Lexington','MA','02173','6175555921','A','046973741',33890.00000,'1992-11-11 00:00:00',NULL,'1970-12-12 00:00:00','N','Y','Y','M'),(1062,1576,'Barbara','Blaikie',400,'66 Beaumont Terrace','Needham','MA','02192','6175559345','A','019887257',54900.00000,'1992-11-20 00:00:00',NULL,'1954-11-14 00:00:00','Y','Y','Y','F'),(1090,501,'Susan','Smith',100,'177 Johnson Street','Houston','TX','77079','7135556613','A','013558813',51411.00000,'1992-12-13 00:00:00',NULL,'1951-11-30 00:00:00','N','Y','Y','F'),(1101,902,'Mark','Preston',200,'49 Constitution Road','Boston','MA','02124','6175555862','A','027663454',37803.00000,'1993-01-09 00:00:00',NULL,'1967-09-14 00:00:00','Y','Y','N','M'),(1142,902,'Alison','Clark',200,'56 Carver Street','Emeryville','CA','94608','5105559437','A','055913622',45000.00000,'1993-01-19 00:00:00',NULL,'1958-05-04 00:00:00','N','Y','Y','F'),(1157,501,'Hing','Soo',100,'19 Glenmeadow Street','Needham','MA','02192','6175558748','A','023434587',39075.00000,'1993-01-29 00:00:00',NULL,'1971-03-07 00:00:00','Y','Y','N','M'),(1160,902,'Belinda','Jansen-Velasquez',200,'45 Wood Street','Atlanta','GA','30985','4078694567','A','089705939',30500.00000,'1997-11-11 00:00:00',NULL,'1968-04-01 00:00:00','Y','Y','N','F'),(1162,902,'Kevin','Goggin',200,'12 Wachusett Road','Wellesley','MA','02181','6175553785','A','075679377',37900.00000,'1993-02-03 00:00:00',NULL,'1953-04-18 00:00:00','Y','Y','N','M'),(1191,1576,'Matthew','Bucceri',400,'57 Taylor Place','Lexington','MA','02173','6175555336','A','023749270',45900.00000,'1993-02-12 00:00:00',NULL,'1945-11-19 00:00:00','Y','Y','N','M'),(1250,501,'Emilio','Diaz',100,'112 Evergreen Street','Wellesley','MA','02181','6175553567','A','023476492',54900.00000,'1993-02-17 00:00:00',NULL,'1937-01-02 00:00:00','Y','Y','N','M'),(1293,1293,'Mary Anne','Shea',300,'197 Camden Road','Lexington','MA','02173','6175554616','A','019641485',138948.00000,'1993-03-01 00:00:00',NULL,'1956-03-13 00:00:00','Y','Y','N','F'),(1336,1293,'Janet','Bigelow',300,'84 Lunda Street','Waltham','MA','02154','6175551493','A','017326112',31200.00000,'1994-08-25 00:00:00',NULL,'1951-07-21 00:00:00','Y','Y','Y','F'),(1340,902,'Belinda','Velasquez',200,'45 Wood Street','Atlanta','GA','30985','4078694567','A','089705939',30500.00000,'1997-11-11 00:00:00',NULL,'1968-04-01 00:00:00','Y','Y','N','F'),(1390,1293,'Jennifer','Litton',300,'17 Downing Street','Concord','MA','01742','5085553495','A','034786565',58930.00000,'1994-10-05 00:00:00',NULL,'1949-04-05 00:00:00','N','Y','N','F'),(1446,902,'Caroline','Yeung',200,'52 Cypress Street','Atlanta','GA','30339','4045558347','A','038475825',32300.00000,'1995-04-29 00:00:00',NULL,'1972-06-21 00:00:00','N','Y','N','F'),(1483,1293,'John','Letiecq',300,'149 Vista Drive','Burlington','MA','01803','6175551167','L','079372285',75400.00000,'1995-08-30 00:00:00',NULL,'1940-04-27 00:00:00','Y','Y','N','M'),(1507,1576,'Ruth','Wetherby',400,'82 Aberdeen Road','Needham','MA','02192','6175555465','A','035673688',35745.00000,'1995-10-11 00:00:00',NULL,'1960-07-19 00:00:00','Y','Y','N','F'),(1570,703,'Anthony','Rebeiro',500,'39 Moody Street','Waltham','MA','02154','6175555737','A','034576347',34576.00000,'1995-11-27 00:00:00',NULL,'1964-04-12 00:00:00','Y','Y','N','M'),(1576,902,'Scott','Evans',400,'10-A Sunrise Circle','Concord','MA','01742','5085550096','A','017429926',68940.00000,'1995-12-30 00:00:00',NULL,'1961-11-15 00:00:00','Y','Y','N','M'),(1596,902,'Catherine','Pickett',200,'45 Appleton Road','Bedford','MA','01730','6175553478','A','028375086',47653.00000,'1996-02-10 00:00:00',NULL,'1960-11-18 00:00:00','Y','Y','Y','F'),(1607,1576,'Mark','Morris',400,'1 Example Way','Waltham','MA','02154','6175558344','A','501787474',61300.00000,'1996-04-13 00:00:00',NULL,'1942-01-08 00:00:00','Y','Y','N','M'),(1615,703,'Sheila','Romero',500,'1 Oakview Terrace','Bedford','MA','01730','6175558138','A','501175874',27500.00000,'1996-05-20 00:00:00',NULL,'1973-09-12 00:00:00','Y','Y','Y','F'),(1643,1576,'Elizabeth','Lambert',400,'29 Union Street','Burlington','MA','01803','6175552357','A','023857807',29384.00000,'1996-06-15 00:00:00',NULL,'1969-09-12 00:00:00','Y','Y','N','F'),(1658,703,'Michael','Lynch',500,'76 Brookside Road','Waltham','MA','02154','6175558348','A','023850840',24903.00000,'1996-08-28 00:00:00',NULL,'1974-01-18 00:00:00','Y','Y','N','M'),(1684,1576,'Janet','Hildebrand',400,'47 Hilltop Street','Waltham','MA','02154','6175553845','A','038957036',45829.00000,'1996-09-13 00:00:00',NULL,'1956-10-31 00:00:00','Y','Y','N','F'),(1740,1576,'Robert','Nielsen',400,'55 Sargent Avenue','Bedford','MA','01730','6175558757','A','037534650',34889.00000,'1996-12-23 00:00:00',NULL,'1966-06-19 00:00:00','Y','Y','N','M'),(1751,1576,'Alex','Ahmed',400,'114 Cushing Street','Needham','MA','02192','6175558748','A','032547384',34992.00000,'1997-01-10 00:00:00',NULL,'1964-12-12 00:00:00','Y','Y','N','M'),(1800,1576,'Theo','Bakker',NULL,'76 Example way','Waltham','MA','02156',NULL,'A','050897864',32900.00000,'1997-05-11 00:00:00',NULL,'1967-11-11 00:00:00','Y','Y','N','M');
/*!40000 ALTER TABLE `employee` ENABLE KEYS */;
UNLOCK TABLES;

--
-- Table structure for table `fin_code`
--

DROP TABLE IF EXISTS `fin_code`;
/*!40101 SET @saved_cs_client     = @@character_set_client */;
/*!40101 SET character_set_client = utf8 */;
CREATE TABLE `fin_code` (
  `code` varchar(255) NOT NULL,
  `type` varchar(255) DEFAULT NULL,
  `description` varchar(255) DEFAULT NULL,
  PRIMARY KEY (`code`)
) ENGINE=InnoDB DEFAULT CHARSET=latin1;
/*!40101 SET character_set_client = @saved_cs_client */;

--
-- Dumping data for table `fin_code`
--

LOCK TABLES `fin_code` WRITE;
/*!40000 ALTER TABLE `fin_code` DISABLE KEYS */;
INSERT INTO `fin_code` VALUES ('e1','expense','Fees'),('e2','expense','Services'),('e3','expense','Sales & Marketing'),('e4','expense','R & D'),('e5','expense','Administration'),('r1','revenue','Fees'),('r2','revenue','Services');
/*!40000 ALTER TABLE `fin_code` ENABLE KEYS */;
UNLOCK TABLES;

--
-- Table structure for table `product`
--

DROP TABLE IF EXISTS `product`;
/*!40101 SET @saved_cs_client     = @@character_set_client */;
/*!40101 SET character_set_client = utf8 */;
CREATE TABLE `product` (
  `id` int(10) NOT NULL,
  `name` varchar(255) DEFAULT NULL,
  `description` varchar(255) DEFAULT NULL,
  `prod_size` varchar(255) DEFAULT NULL,
  `color` varchar(255) DEFAULT NULL,
  `quantity` int(10) DEFAULT NULL,
  `unit_price` double(15,5) DEFAULT NULL,
  `picture_name` varchar(255) DEFAULT NULL,
  `category` varchar(1) DEFAULT NULL,
  PRIMARY KEY (`id`)
) ENGINE=InnoDB DEFAULT CHARSET=latin1;
/*!40101 SET character_set_client = @saved_cs_client */;

--
-- Dumping data for table `product`
--

LOCK TABLES `product` WRITE;
/*!40000 ALTER TABLE `product` DISABLE KEYS */;
INSERT INTO `product` VALUES (300,'Tee Shirt','Tank Top','Small','White',18,9.00000,'tshirtw.bmp','c'),(301,'Tee Shirt','V-neck','Medium','Orange',39,14.00000,'tshirto.bmp','c'),(302,'Tee Shirt','Crew Neck','Medium','Black',72,14.00000,'tshirtb.bmp','c'),(400,'Sunglasses','Cotton Cap',NULL,'Black',92,9.00000,'capb.bmp','a'),(401,'Baseball Cap','Wool cap',NULL,'White',12,10.00000,'capw.bmp','a'),(500,'Visor','Cloth Visor',NULL,'White',36,7.00000,'visorw.bmp','a'),(501,'Visor','Plastic Visor',NULL,'Black',28,7.00000,'visorb.bmp','a'),(600,'Sweatshirt','Hooded Sweatshirt','Large','Green',39,24.00000,'sshirtg.bmp','c'),(601,'Sweatshirt','Zipped Sweatshirt','Large','Blue',32,24.00000,'sshirtb.bmp','c'),(700,'Shorts','Cotton Shorts','Medium','Black',80,15.00000,'shortsb.bmp','c');
/*!40000 ALTER TABLE `product` ENABLE KEYS */;
UNLOCK TABLES;

--
-- Table structure for table `sales_order`
--

DROP TABLE IF EXISTS `sales_order`;
/*!40101 SET @saved_cs_client     = @@character_set_client */;
/*!40101 SET character_set_client = utf8 */;
CREATE TABLE `sales_order` (
  `id` int(10) NOT NULL,
  `cust_id` int(10) DEFAULT NULL,
  `order_date` datetime DEFAULT NULL,
  `fin_code_id` varchar(255) DEFAULT NULL,
  `region` varchar(255) DEFAULT NULL,
  `sales_rep` int(10) DEFAULT NULL,
  PRIMARY KEY (`id`),
  KEY `cust_id` (`cust_id`),
  KEY `CustomerSales_order` (`cust_id`),
  KEY `EmployeeSales_order` (`sales_rep`),
  KEY `fin_code_id` (`fin_code_id`),
  KEY `Fin_codeSales_order` (`fin_code_id`)
) ENGINE=InnoDB DEFAULT CHARSET=latin1;
/*!40101 SET character_set_client = @saved_cs_client */;

--
-- Dumping data for table `sales_order`
--

LOCK TABLES `sales_order` WRITE;
/*!40000 ALTER TABLE `sales_order` DISABLE KEYS */;
INSERT INTO `sales_order` VALUES (2001,101,'2004-09-14 00:00:00','r1','Eastern',299),(2002,102,'2004-09-18 00:00:00','r1','Eastern',467),(2003,103,'2004-09-21 00:00:00','r1','Eastern',949),(2004,104,'2004-09-23 00:00:00','r1','South',902),(2005,101,'2005-09-24 00:00:00','r1','Eastern',856),(2006,105,'2005-09-28 00:00:00','r1','Central',299),(2007,106,'2005-09-28 00:00:00','r1','Eastern',667),(2008,107,'2005-10-01 00:00:00','r1','South',129),(2009,108,'2005-10-04 00:00:00','r1','South',1142),(2010,109,'2005-10-05 00:00:00','r1','Canada',195),(2011,110,'2005-10-06 00:00:00','r1','Central',690),(2012,111,'2005-10-06 00:00:00','r1','Eastern',1596),(2013,112,'2005-10-06 00:00:00','r1','Central',299),(2014,113,'2005-10-07 00:00:00','r1','Central',467),(2015,114,'2005-09-30 00:00:00','r1','Central',949),(2016,115,'2004-10-01 00:00:00','r1','Central',902),(2017,116,'2005-10-01 00:00:00','r1','Eastern',856),(2018,117,'2005-09-07 00:00:00','r1','Central',299),(2019,118,'2004-08-13 00:00:00','r1','South',667),(2020,119,'2005-09-02 00:00:00','r1','Western',129),(2021,120,'2005-10-08 00:00:00','r1','Eastern',1142),(2022,121,'2005-11-04 00:00:00','r1','Central',195),(2023,122,'2005-12-03 00:00:00','r1','Eastern',690),(2024,123,'2006-01-11 00:00:00','r1','Canada',1596),(2025,124,'2005-11-01 00:00:00','r1','Eastern',299),(2026,125,'2005-08-04 00:00:00','r1','Central',467),(2027,126,'2005-12-13 00:00:00','r1','Western',949),(2028,127,'2004-12-30 00:00:00','r1','South',902),(2029,128,'2004-12-11 00:00:00','r1','Eastern',856),(2030,129,'2005-10-06 00:00:00','r1','Eastern',299),(2031,130,'2004-11-27 00:00:00','r1','Central',667),(2032,131,'2006-01-03 00:00:00','r1','Eastern',129),(2033,132,'2004-08-14 00:00:00','r1','Central',1142),(2035,134,'2005-10-29 00:00:00','r1','Central',690),(2036,135,'2005-07-06 00:00:00','r1','Eastern',1596),(2037,136,'2004-07-24 00:00:00','r1','Central',299),(2038,137,'2005-08-02 00:00:00','r1','Central',467),(2039,138,'2004-08-31 00:00:00','r1','Central',949),(2040,139,'2005-10-26 00:00:00','r1','Eastern',902),(2041,140,'2005-11-01 00:00:00','r1','Central',856),(2042,141,'2005-08-27 00:00:00','r1','Central',299),(2043,142,'2005-09-13 00:00:00','r1','Central',667),(2044,143,'2005-01-13 00:00:00','r1','Canada',129),(2045,144,'2004-12-31 00:00:00','r1','Eastern',1142),(2046,145,'2005-08-03 00:00:00','r1','Eastern',195),(2047,146,'2005-09-08 00:00:00','r1','Western',690),(2048,147,'2005-09-07 00:00:00','r1','Eastern',1596),(2049,148,'2005-08-18 00:00:00','r1','Canada',299),(2050,149,'2005-08-27 00:00:00','r1','Canada',467),(2051,150,'2004-11-13 00:00:00','r1','Canada',949),(2052,151,'2005-12-31 00:00:00','r1','Central',902),(2053,152,'2005-12-29 00:00:00','r1','Eastern',856),(2054,153,'2005-11-29 00:00:00','r1','Central',299),(2055,154,'2005-09-29 00:00:00','r1','South',667),(2056,155,'2005-10-14 00:00:00','r1','Central',129),(2057,156,'2005-09-20 00:00:00','r1','Central',1142),(2058,157,'2005-10-06 00:00:00','r1','Central',195),(2059,158,'2005-10-05 00:00:00','r1','Eastern',690),(2060,159,'2005-11-01 00:00:00','r1','Central',1596),(2061,160,'2005-01-18 00:00:00','r1','Eastern',299),(2062,161,'2005-12-14 00:00:00','r1','Eastern',467),(2063,162,'2005-12-20 00:00:00','r1','Central',949),(2064,163,'2005-10-29 00:00:00','r1','Canada',902),(2065,164,'2004-07-04 00:00:00','r1','Eastern',856),(2067,166,'2005-10-22 00:00:00','r1','South',667),(2068,167,'2005-11-01 00:00:00','r1','Central',129),(2069,168,'2005-08-16 00:00:00','r1','Western',1142),(2070,169,'2004-08-31 00:00:00','r1','South',195),(2071,170,'2005-11-22 00:00:00','r1','South',299),(2072,171,'2005-11-15 00:00:00','r1','Central',690),(2073,172,'2005-11-29 00:00:00','r1','Eastern',1596),(2074,173,'2006-01-20 00:00:00','r1','Eastern',299),(2075,174,'2005-08-17 00:00:00','r1','Central',467),(2076,175,'2005-09-16 00:00:00','r1','Canada',949),(2077,176,'2005-10-06 00:00:00','r1','Eastern',902),(2078,177,'2005-11-01 00:00:00','r1','South',856),(2079,178,'2005-10-01 00:00:00','r1','Eastern',299),(2080,179,'2005-11-01 00:00:00','r1','South',667),(2081,180,'2004-12-02 00:00:00','r1','Eastern',129),(2082,181,'2005-12-31 00:00:00','r1','Eastern',1142),(2083,182,'2004-07-14 00:00:00','r1','Western',195),(2084,183,'2005-08-13 00:00:00','r1','South',690),(2085,184,'2004-09-10 00:00:00','r1','Central',1596),(2086,185,'2005-10-11 00:00:00','r1','Eastern',299),(2087,186,'2005-11-10 00:00:00','r1','Central',467),(2089,187,'2005-12-10 00:00:00','r1','Central',949),(2090,188,'2006-01-10 00:00:00','r1','Central',902),(2091,189,'2005-12-30 00:00:00','r1','Eastern',856),(2092,190,'2005-07-13 00:00:00','r1','Central',667),(2093,191,'2004-08-14 00:00:00','r1','South',129),(2094,192,'2005-09-13 00:00:00','r1','Central',1142),(2095,193,'2005-10-14 00:00:00','r1','Central',195),(2096,194,'2005-11-15 00:00:00','r1','Eastern',690),(2097,195,'2004-12-16 00:00:00','r1','South',1596),(2098,196,'2006-01-17 00:00:00','r1','Canada',299),(2099,197,'2004-07-18 00:00:00','r1','South',467),(2100,198,'2005-08-20 00:00:00','r1','Western',949),(2101,198,'2004-09-18 00:00:00','r1','Western',902),(2102,199,'2005-10-21 00:00:00','r1','Eastern',856),(2103,200,'2005-11-22 00:00:00','r1','Eastern',299),(2104,201,'2004-12-23 00:00:00','r1','Central',667),(2105,202,'2006-01-21 00:00:00','r1','Eastern',129),(2106,203,'2005-07-06 00:00:00','r1','Central',1142),(2107,204,'2004-08-07 00:00:00','r1','Central',195),(2109,206,'2004-10-07 00:00:00','r1','Eastern',1596),(2110,207,'2005-11-05 00:00:00','r1','Central',299),(2111,208,'2005-12-09 00:00:00','r1','Eastern',467),(2112,165,'2005-07-12 00:00:00','r1','Central',299),(2113,209,'2005-07-13 00:00:00','r1','Western',902),(2114,206,'2005-08-13 00:00:00','r1','Eastern',856),(2115,201,'2004-09-14 00:00:00','r1','Central',667),(2116,209,'2005-10-14 00:00:00','r1','Western',1142),(2117,204,'2004-11-13 00:00:00','r1','Central',195),(2118,147,'2005-12-16 00:00:00','r1','Eastern',690),(2119,168,'2006-01-17 00:00:00','r1','Western',1596),(2120,110,'2005-07-20 00:00:00','r1','Central',299),(2121,189,'2004-08-21 00:00:00','r1','Eastern',467),(2122,132,'2005-09-20 00:00:00','r1','Central',949),(2123,175,'2005-10-21 00:00:00','r1','Canada',902),(2124,134,'2004-11-23 00:00:00','r1','Central',856),(2125,101,'2005-12-23 00:00:00','r1','Eastern',299),(2126,136,'2004-07-04 00:00:00','r1','Central',299),(2127,142,'2004-07-07 00:00:00','r1','Central',467),(2128,155,'2004-07-29 00:00:00','r1','Central',467),(2129,166,'2004-07-08 00:00:00','r1','South',949),(2130,146,'2004-07-18 00:00:00','r1','Western',902),(2131,128,'2004-07-03 00:00:00','r1','Eastern',856),(2132,110,'2004-07-09 00:00:00','r1','Central',299),(2133,167,'2004-07-11 00:00:00','r1','Central',667),(2134,168,'2004-07-15 00:00:00','r1','Western',129),(2135,205,'2004-07-07 00:00:00','r1','Eastern',1142),(2136,188,'2004-07-10 00:00:00','r1','Central',195),(2137,170,'2004-07-15 00:00:00','r1','South',690),(2138,198,'2004-07-17 00:00:00','r1','Western',1596),(2139,203,'2004-07-18 00:00:00','r1','Central',299),(2140,209,'2004-07-21 00:00:00','r1','Western',467),(2141,166,'2004-07-22 00:00:00','r1','South',949),(2142,102,'2004-07-23 00:00:00','r1','Eastern',902),(2143,115,'2004-07-24 00:00:00','r1','Central',856),(2144,110,'2004-07-25 00:00:00','r1','Central',299),(2145,135,'2004-07-28 00:00:00','r1','Eastern',667),(2146,189,'2004-07-29 00:00:00','r1','Eastern',129),(2147,200,'2004-07-30 00:00:00','r1','Eastern',1142),(2148,199,'2004-07-31 00:00:00','r1','Eastern',195),(2149,190,'2004-08-01 00:00:00','r1','Central',690),(2150,169,'2004-08-04 00:00:00','r1','South',1596),(2151,144,'2004-08-05 00:00:00','r1','Eastern',299),(2152,132,'2004-08-06 00:00:00','r1','Central',467),(2153,111,'2004-08-07 00:00:00','r1','Eastern',949),(2154,122,'2004-08-08 00:00:00','r1','Eastern',902),(2155,143,'2004-08-11 00:00:00','r1','Canada',856),(2156,157,'2004-08-12 00:00:00','r1','Central',299),(2157,168,'2004-08-13 00:00:00','r1','Western',129),(2158,179,'2004-08-14 00:00:00','r1','South',1142),(2159,181,'2004-08-15 00:00:00','r1','Eastern',195),(2160,183,'2004-08-15 00:00:00','r1','South',195),(2161,199,'2004-08-18 00:00:00','r1','Eastern',690),(2162,202,'2004-08-19 00:00:00','r1','Eastern',1596),(2163,204,'2004-08-20 00:00:00','r1','Central',299),(2164,206,'2004-08-21 00:00:00','r1','Eastern',467),(2165,104,'2004-08-22 00:00:00','r1','South',949),(2166,113,'2004-08-25 00:00:00','r1','Central',902),(2167,121,'2004-08-26 00:00:00','r1','Central',856),(2168,137,'2004-08-27 00:00:00','r1','Central',299),(2169,148,'2004-08-28 00:00:00','r1','Canada',667),(2170,149,'2004-08-29 00:00:00','r1','Canada',129),(2171,153,'2004-09-01 00:00:00','r1','Central',1142),(2172,202,'2004-08-31 00:00:00','r1','Eastern',1142),(2173,107,'2004-09-01 00:00:00','r1','South',1142),(2174,129,'2004-09-02 00:00:00','r1','Eastern',195),(2175,208,'2004-09-03 00:00:00','r1','Eastern',690),(2176,140,'2004-09-04 00:00:00','r1','Western',1596),(2177,134,'2004-09-04 00:00:00','r1','Central',299),(2178,103,'2004-09-07 00:00:00','r1','Eastern',467),(2179,119,'2004-09-08 00:00:00','r1','Western',949),(2180,209,'2004-09-09 00:00:00','r1','Western',902),(2181,136,'2004-09-10 00:00:00','r1','Central',856),(2182,195,'2004-09-11 00:00:00','r1','South',299),(2183,118,'2004-09-15 00:00:00','r1','South',667),(2184,182,'2004-09-16 00:00:00','r1','Western',129),(2185,107,'2004-09-17 00:00:00','r1','South',1142),(2186,111,'2004-09-18 00:00:00','r1','Eastern',195),(2187,136,'2004-09-21 00:00:00','r1','Central',690),(2188,144,'2004-09-22 00:00:00','r1','Eastern',1596),(2189,156,'2004-09-22 00:00:00','r1','Central',299),(2190,192,'2004-09-23 00:00:00','r1','Central',467),(2191,118,'2004-09-24 00:00:00','r1','South',949),(2192,158,'2004-09-25 00:00:00','r1','Eastern',902),(2193,183,'2004-09-28 00:00:00','r1','South',856),(2194,124,'2004-09-29 00:00:00','r1','Eastern',299),(2195,131,'2004-09-30 00:00:00','r1','Eastern',667),(2196,157,'2004-10-01 00:00:00','r1','Central',129),(2197,161,'2004-10-02 00:00:00','r1','Eastern',1142),(2198,144,'2004-10-05 00:00:00','r1','Eastern',195),(2199,116,'2004-10-06 00:00:00','r1','Eastern',690),(2200,198,'2004-10-07 00:00:00','r1','Western',1596),(2201,139,'2004-10-08 00:00:00','r1','Eastern',299),(2202,166,'2004-10-09 00:00:00','r1','South',467),(2203,107,'2004-10-12 00:00:00','r1','South',949),(2204,139,'2004-10-13 00:00:00','r1','Eastern',902),(2205,200,'2004-10-14 00:00:00','r1','Eastern',856),(2206,101,'2004-10-15 00:00:00','r1','Eastern',299),(2207,103,'2004-10-16 00:00:00','r1','Eastern',667),(2208,201,'2004-10-19 00:00:00','r1','Central',129),(2209,204,'2004-10-20 00:00:00','r1','Central',1142),(2210,206,'2004-10-21 00:00:00','r1','Eastern',195),(2211,207,'2004-10-22 00:00:00','r1','Central',690),(2212,190,'2004-10-23 00:00:00','r1','Central',1596),(2213,191,'2004-10-26 00:00:00','r1','South',299),(2214,192,'2004-10-27 00:00:00','r1','Central',467),(2215,193,'2004-10-28 00:00:00','r1','Central',949),(2216,194,'2004-10-29 00:00:00','r1','Eastern',902),(2217,195,'2004-10-30 00:00:00','r1','South',856),(2218,196,'2004-11-02 00:00:00','r1','Canada',299),(2219,197,'2004-11-03 00:00:00','r1','South',667),(2220,198,'2004-11-04 00:00:00','r1','Western',129),(2221,199,'2004-11-05 00:00:00','r1','Eastern',1142),(2222,200,'2004-11-06 00:00:00','r1','Eastern',195),(2223,201,'2004-11-09 00:00:00','r1','Central',690),(2224,202,'2004-11-10 00:00:00','r1','Eastern',1596),(2225,203,'2004-11-11 00:00:00','r1','Central',299),(2226,204,'2004-11-12 00:00:00','r1','Central',467),(2227,205,'2004-11-13 00:00:00','r1','Eastern',949),(2228,107,'2004-11-16 00:00:00','r1','South',902),(2229,108,'2004-11-17 00:00:00','r1','South',856),(2230,109,'2004-11-18 00:00:00','r1','Canada',299),(2231,110,'2004-11-19 00:00:00','r1','Central',667),(2232,111,'2004-11-20 00:00:00','r1','Eastern',129),(2233,112,'2004-11-23 00:00:00','r1','Central',1142),(2234,113,'2004-11-24 00:00:00','r1','Central',195),(2235,114,'2004-11-25 00:00:00','r1','Central',690),(2236,115,'2004-11-26 00:00:00','r1','Central',1596),(2237,116,'2004-11-27 00:00:00','r1','Eastern',299),(2238,117,'2004-11-27 00:00:00','r1','Central',467),(2239,121,'2004-11-30 00:00:00','r1','Central',949),(2240,122,'2004-12-01 00:00:00','r1','Eastern',902),(2241,123,'2004-12-02 00:00:00','r1','Canada',856),(2242,124,'2004-12-03 00:00:00','r1','Eastern',299),(2243,125,'2004-12-04 00:00:00','r1','Central',667),(2244,126,'2004-12-07 00:00:00','r1','Western',129),(2245,127,'2004-12-08 00:00:00','r1','South',1142),(2246,128,'2004-12-09 00:00:00','r1','Eastern',195),(2247,129,'2004-12-10 00:00:00','r1','Eastern',690),(2248,130,'2004-12-11 00:00:00','r1','Central',1596),(2249,132,'2004-12-14 00:00:00','r1','Central',299),(2250,133,'2004-12-15 00:00:00','r1','Western',467),(2251,145,'2004-12-16 00:00:00','r1','Eastern',949),(2252,147,'2004-12-17 00:00:00','r1','Eastern',902),(2253,104,'2004-12-18 00:00:00','r1','South',856),(2254,107,'2004-12-21 00:00:00','r1','South',299),(2255,182,'2004-12-22 00:00:00','r1','Western',667),(2256,170,'2004-12-23 00:00:00','r1','South',129),(2257,166,'2004-12-24 00:00:00','r1','South',1142),(2258,151,'2004-12-25 00:00:00','r1','Central',195),(2259,198,'2004-12-28 00:00:00','r1','Western',690),(2260,176,'2004-12-29 00:00:00','r1','Eastern',1596),(2261,149,'2004-12-30 00:00:00','r1','Canada',299),(2262,185,'2004-12-31 00:00:00','r1','Eastern',467),(2263,201,'2005-01-04 00:00:00','r1','Central',949),(2264,209,'2005-01-05 00:00:00','r1','Western',902),(2265,199,'2005-01-06 00:00:00','r1','Eastern',856),(2266,104,'2005-01-07 00:00:00','r1','South',299),(2267,121,'2005-01-08 00:00:00','r1','Central',667),(2268,136,'2005-01-11 00:00:00','r1','Central',129),(2269,205,'2005-01-12 00:00:00','r1','Eastern',1142),(2270,149,'2005-01-13 00:00:00','r1','Canada',195),(2271,150,'2005-01-13 00:00:00','r1','Canada',690),(2272,191,'2005-01-14 00:00:00','r1','South',1596),(2273,182,'2005-01-14 00:00:00','r1','Western',299),(2274,104,'2005-01-15 00:00:00','r1','South',467),(2275,127,'2005-01-18 00:00:00','r1','South',949),(2276,153,'2005-01-19 00:00:00','r1','Central',902),(2277,208,'2005-01-20 00:00:00','r1','Eastern',856),(2278,189,'2005-01-20 00:00:00','r1','Eastern',299),(2279,101,'2005-01-21 00:00:00','r1','Eastern',299),(2280,104,'2005-01-21 00:00:00','r1','South',667),(2281,204,'2005-01-22 00:00:00','r1','Central',129),(2282,123,'2005-01-25 00:00:00','r1','Canada',1142),(2283,201,'2005-01-25 00:00:00','r1','Central',195),(2284,113,'2005-01-26 00:00:00','r1','Central',690),(2285,139,'2005-01-27 00:00:00','r1','Eastern',1596),(2286,142,'2005-01-28 00:00:00','r1','Central',299),(2287,154,'2005-01-29 00:00:00','r1','South',467),(2288,207,'2005-02-01 00:00:00','r1','Central',949),(2289,117,'2005-02-01 00:00:00','r1','Central',902),(2290,172,'2005-02-02 00:00:00','r1','Eastern',299),(2291,112,'2005-02-05 00:00:00','r1','Central',667),(2292,157,'2005-02-08 00:00:00','r1','Central',129),(2293,164,'2005-02-09 00:00:00','r1','Eastern',1142),(2294,204,'2005-02-09 00:00:00','r1','Central',195),(2295,101,'2005-02-10 00:00:00','r1','Eastern',195),(2296,114,'2005-02-11 00:00:00','r1','Central',690),(2297,197,'2005-02-11 00:00:00','r1','South',1596),(2298,200,'2005-02-12 00:00:00','r1','Eastern',299),(2299,117,'2005-02-15 00:00:00','r1','Central',467),(2300,172,'2005-02-16 00:00:00','r1','Eastern',949),(2301,116,'2005-02-16 00:00:00','r1','Eastern',902),(2302,147,'2005-02-17 00:00:00','r1','Eastern',856),(2303,166,'2005-02-18 00:00:00','r1','South',299),(2304,107,'2005-02-18 00:00:00','r1','South',667),(2305,201,'2005-02-18 00:00:00','r1','Central',667),(2306,199,'2005-02-19 00:00:00','r1','Eastern',129),(2307,103,'2005-02-22 00:00:00','r1','Eastern',1142),(2308,111,'2005-02-23 00:00:00','r1','Eastern',195),(2309,129,'2005-02-24 00:00:00','r1','Eastern',690),(2310,147,'2005-02-25 00:00:00','r1','Eastern',1596),(2311,152,'2005-02-25 00:00:00','r1','Eastern',299),(2312,209,'2005-02-26 00:00:00','r1','Western',299),(2313,110,'2005-03-01 00:00:00','r1','Central',467),(2314,161,'2005-03-01 00:00:00','r1','Eastern',949),(2315,190,'2005-03-02 00:00:00','r1','Central',902),(2316,138,'2005-03-03 00:00:00','r1','Canada',856),(2317,159,'2005-03-04 00:00:00','r1','Central',299),(2318,102,'2005-03-05 00:00:00','r1','Eastern',667),(2319,117,'2005-03-08 00:00:00','r1','Central',129),(2320,172,'2005-03-09 00:00:00','r1','Eastern',1142),(2321,201,'2005-03-09 00:00:00','r1','Central',195),(2322,189,'2005-03-10 00:00:00','r1','Eastern',690),(2323,119,'2005-03-10 00:00:00','r1','Western',1596),(2324,174,'2005-03-11 00:00:00','r1','Central',299),(2325,143,'2005-03-12 00:00:00','r1','Canada',467),(2326,205,'2005-03-12 00:00:00','r1','Eastern',949),(2327,121,'2005-03-15 00:00:00','r1','Central',902),(2328,137,'2005-03-16 00:00:00','r1','Central',856),(2329,169,'2005-03-17 00:00:00','r1','South',299),(2330,112,'2005-03-18 00:00:00','r1','Central',667),(2331,104,'2005-03-18 00:00:00','r1','South',129),(2332,203,'2005-03-19 00:00:00','r1','Central',1142),(2333,114,'2005-03-19 00:00:00','r1','Central',195),(2334,138,'2005-03-22 00:00:00','r1','Canada',1596),(2335,146,'2005-03-23 00:00:00','r1','Western',299),(2336,207,'2005-03-23 00:00:00','r1','Central',467),(2337,101,'2005-03-24 00:00:00','r1','Eastern',949),(2338,102,'2005-03-25 00:00:00','r1','Eastern',902),(2339,209,'2005-03-25 00:00:00','r1','Western',856),(2340,103,'2005-03-26 00:00:00','r1','Eastern',299),(2341,208,'2005-03-26 00:00:00','r1','Eastern',667),(2342,104,'2005-03-29 00:00:00','r1','South',129),(2343,207,'2005-03-29 00:00:00','r1','Central',1142),(2344,105,'2005-03-30 00:00:00','r1','Central',195),(2345,206,'2005-03-30 00:00:00','r1','Eastern',690),(2346,106,'2005-03-31 00:00:00','r1','Eastern',1596),(2347,205,'2005-03-31 00:00:00','r1','Eastern',299),(2348,107,'2005-04-01 00:00:00','r1','South',467),(2349,204,'2005-04-01 00:00:00','r1','Central',949),(2350,108,'2005-04-02 00:00:00','r1','South',902),(2351,203,'2005-04-02 00:00:00','r1','Central',856),(2352,109,'2005-04-05 00:00:00','r1','Canada',299),(2353,202,'2005-04-05 00:00:00','r1','Eastern',667),(2354,110,'2005-04-06 00:00:00','r1','Central',129),(2355,201,'2005-04-06 00:00:00','r1','Central',1142),(2356,111,'2005-04-07 00:00:00','r1','Eastern',195),(2357,200,'2005-04-07 00:00:00','r1','Eastern',690),(2358,112,'2005-04-08 00:00:00','r1','Central',1596),(2359,199,'2005-04-08 00:00:00','r1','Eastern',299),(2360,113,'2005-04-09 00:00:00','r1','Central',467),(2361,198,'2005-04-09 00:00:00','r1','Western',949),(2362,114,'2005-04-12 00:00:00','r1','Central',902),(2363,197,'2005-04-12 00:00:00','r1','South',856),(2364,115,'2005-04-13 00:00:00','r1','Central',299),(2365,196,'2005-04-13 00:00:00','r1','Canada',667),(2366,116,'2005-04-14 00:00:00','r1','Eastern',129),(2367,195,'2005-04-15 00:00:00','r1','South',1142),(2368,117,'2005-04-15 00:00:00','r1','Central',195),(2369,194,'2005-04-16 00:00:00','r1','Eastern',690),(2370,118,'2005-04-16 00:00:00','r1','South',1596),(2371,193,'2005-04-19 00:00:00','r1','Central',299),(2372,119,'2005-04-19 00:00:00','r1','Western',467),(2373,192,'2005-04-20 00:00:00','r1','Central',949),(2374,120,'2005-04-20 00:00:00','r1','Eastern',902),(2375,191,'2005-04-21 00:00:00','r1','South',856),(2376,121,'2005-04-21 00:00:00','r1','Central',299),(2377,190,'2005-04-22 00:00:00','r1','Central',667),(2378,122,'2005-04-22 00:00:00','r1','Eastern',129),(2379,189,'2005-04-23 00:00:00','r1','Eastern',1142),(2380,123,'2005-04-26 00:00:00','r1','Canada',195),(2381,188,'2005-04-26 00:00:00','r1','Central',690),(2382,124,'2005-04-27 00:00:00','r1','Eastern',1596),(2383,187,'2005-04-27 00:00:00','r1','Central',299),(2384,125,'2005-04-28 00:00:00','r1','Central',467),(2385,126,'2005-04-29 00:00:00','r1','Western',949),(2386,185,'2005-04-29 00:00:00','r1','Eastern',902),(2387,127,'2005-04-30 00:00:00','r1','South',856),(2388,184,'2005-04-30 00:00:00','r1','Central',299),(2389,101,'2005-04-16 00:00:00','r1','Eastern',195),(2390,183,'2005-05-03 00:00:00','r1','South',667),(2391,128,'2005-05-03 00:00:00','r1','Eastern',129),(2392,182,'2005-05-04 00:00:00','r1','Western',690),(2393,129,'2005-05-04 00:00:00','r1','Eastern',1596),(2394,181,'2005-05-05 00:00:00','r1','Eastern',299),(2395,130,'2005-05-05 00:00:00','r1','Central',467),(2396,180,'2005-05-06 00:00:00','r1','Eastern',949),(2397,131,'2005-05-06 00:00:00','r1','Eastern',856),(2398,132,'2005-05-07 00:00:00','r1','Central',299),(2399,178,'2005-05-10 00:00:00','r1','Eastern',129),(2400,133,'2005-05-10 00:00:00','r1','Western',1142),(2401,177,'2005-05-11 00:00:00','r1','South',690),(2402,134,'2005-05-11 00:00:00','r1','Central',1596),(2403,176,'2005-05-12 00:00:00','r1','Eastern',299),(2404,135,'2005-05-12 00:00:00','r1','Eastern',467),(2405,175,'2005-05-13 00:00:00','r1','Canada',949),(2406,136,'2005-05-13 00:00:00','r1','Central',856),(2407,174,'2005-05-14 00:00:00','r1','Central',299),(2408,137,'2005-05-14 00:00:00','r1','Central',667),(2409,173,'2005-05-17 00:00:00','r1','Eastern',1142),(2410,138,'2005-05-17 00:00:00','r1','Canada',129),(2411,172,'2005-05-18 00:00:00','r1','Eastern',690),(2412,139,'2005-05-19 00:00:00','r1','Eastern',1596),(2413,171,'2005-05-19 00:00:00','r1','Central',299),(2414,140,'2005-05-20 00:00:00','r1','Western',467),(2415,170,'2005-05-20 00:00:00','r1','South',949),(2416,141,'2005-05-20 00:00:00','r1','Central',667),(2417,169,'2005-05-20 00:00:00','r1','South',856),(2418,142,'2005-05-21 00:00:00','r1','Central',299),(2419,168,'2005-05-21 00:00:00','r1','Western',856),(2420,143,'2005-05-24 00:00:00','r1','Canada',667),(2421,167,'2005-05-24 00:00:00','r1','Central',1142),(2422,144,'2005-05-24 00:00:00','r1','Eastern',129),(2423,166,'2005-05-25 00:00:00','r1','South',690),(2424,143,'2005-05-25 00:00:00','r1','Canada',1596),(2425,165,'2005-05-26 00:00:00','r1','Central',299),(2426,144,'2005-05-26 00:00:00','r1','Eastern',467),(2427,164,'2005-05-26 00:00:00','r1','Eastern',856),(2428,145,'2005-05-31 00:00:00','r1','Eastern',299),(2429,163,'2005-05-31 00:00:00','r1','Canada',667),(2430,146,'2005-06-01 00:00:00','r1','Western',1142),(2431,162,'2005-06-01 00:00:00','r1','Central',129),(2432,147,'2005-06-02 00:00:00','r1','Eastern',690),(2433,161,'2005-06-02 00:00:00','r1','Eastern',1596),(2434,148,'2005-06-03 00:00:00','r1','Canada',299),(2435,160,'2005-06-03 00:00:00','r1','Eastern',467),(2436,149,'2005-06-04 00:00:00','r1','Canada',949),(2437,159,'2005-06-04 00:00:00','r1','Central',299),(2438,150,'2005-06-07 00:00:00','r1','Canada',856),(2439,158,'2005-06-07 00:00:00','r1','Eastern',667),(2440,151,'2005-06-08 00:00:00','r1','Central',1142),(2441,157,'2005-06-08 00:00:00','r1','Central',129),(2442,152,'2005-06-08 00:00:00','r1','Eastern',690),(2443,156,'2005-06-09 00:00:00','r1','Central',1596),(2444,153,'2005-06-09 00:00:00','r1','Central',299),(2445,155,'2005-06-10 00:00:00','r1','Central',467),(2446,154,'2005-06-10 00:00:00','r1','South',949),(2447,101,'2005-06-11 00:00:00','r1','Eastern',856),(2448,209,'2005-06-11 00:00:00','r1','Western',299),(2449,102,'2005-06-14 00:00:00','r1','Eastern',667),(2450,208,'2005-06-14 00:00:00','r1','Eastern',1142),(2451,103,'2005-06-15 00:00:00','r1','Eastern',129),(2452,104,'2005-06-15 00:00:00','r1','South',690),(2453,206,'2005-06-16 00:00:00','r1','Eastern',1596),(2454,105,'2005-06-16 00:00:00','r1','Central',299),(2455,205,'2005-06-17 00:00:00','r1','Eastern',467),(2456,106,'2005-06-17 00:00:00','r1','Eastern',949),(2457,204,'2005-06-17 00:00:00','r1','Central',856),(2458,107,'2005-06-18 00:00:00','r1','South',299),(2459,203,'2005-06-21 00:00:00','r1','Central',667),(2460,108,'2005-06-21 00:00:00','r1','South',1142),(2461,202,'2005-06-22 00:00:00','r1','Eastern',129),(2462,109,'2005-06-22 00:00:00','r1','Canada',299),(2463,200,'2005-06-24 00:00:00','r1','Eastern',1596),(2464,110,'2005-06-23 00:00:00','r1','Central',299),(2465,199,'2005-06-28 00:00:00','r1','Eastern',856),(2466,112,'2005-06-29 00:00:00','r1','Central',299),(2467,198,'2005-06-29 00:00:00','r1','Western',667),(2468,113,'2005-06-30 00:00:00','r1','Central',1142),(2469,197,'2005-06-30 00:00:00','r1','South',129),(2470,114,'2005-07-01 00:00:00','r1','Central',690),(2471,196,'2005-07-01 00:00:00','r1','Canada',1596),(2472,115,'2005-07-01 00:00:00','r1','Central',856),(2473,195,'2005-07-05 00:00:00','r1','South',299),(2474,116,'2005-07-05 00:00:00','r1','Eastern',467),(2475,194,'2005-07-06 00:00:00','r1','Eastern',949),(2476,117,'2005-07-07 00:00:00','r1','Central',299),(2477,193,'2005-07-07 00:00:00','r1','Central',467),(2478,118,'2005-07-08 00:00:00','r1','South',949),(2479,192,'2005-07-08 00:00:00','r1','Central',856),(2480,119,'2005-07-09 00:00:00','r1','Western',299),(2481,191,'2005-07-09 00:00:00','r1','South',667),(2482,120,'2005-07-12 00:00:00','r1','Eastern',1142),(2483,190,'2005-07-12 00:00:00','r1','Central',129),(2484,121,'2005-07-14 00:00:00','r1','Central',129),(2485,189,'2005-07-14 00:00:00','r1','Eastern',1142),(2486,122,'2005-07-15 00:00:00','r1','Eastern',690),(2487,188,'2005-07-15 00:00:00','r1','Central',1596),(2488,123,'2005-07-16 00:00:00','r1','Canada',299),(2489,187,'2005-07-16 00:00:00','r1','Central',467),(2490,124,'2005-07-19 00:00:00','r1','Eastern',949),(2491,186,'2005-07-19 00:00:00','r1','Central',856),(2492,125,'2005-07-20 00:00:00','r1','Central',299),(2493,185,'2005-07-21 00:00:00','r1','Eastern',667),(2494,126,'2005-07-21 00:00:00','r1','Western',1142),(2495,184,'2005-07-22 00:00:00','r1','Central',129),(2496,127,'2005-07-23 00:00:00','r1','South',690),(2497,183,'2005-07-23 00:00:00','r1','South',1596),(2498,128,'2005-07-26 00:00:00','r1','Eastern',299),(2499,182,'2005-07-26 00:00:00','r1','Western',467),(2500,129,'2005-07-27 00:00:00','r1','Eastern',949),(2501,181,'2005-07-27 00:00:00','r1','Eastern',856),(2502,130,'2005-07-28 00:00:00','r1','Central',299),(2503,180,'2005-07-28 00:00:00','r1','Eastern',667),(2504,131,'2005-07-29 00:00:00','r1','Eastern',1142),(2505,179,'2005-07-29 00:00:00','r1','South',129),(2506,132,'2005-07-30 00:00:00','r1','Central',129),(2507,178,'2005-07-30 00:00:00','r1','Eastern',690),(2508,133,'2005-08-02 00:00:00','r1','Western',195),(2509,177,'2005-08-03 00:00:00','r1','South',1596),(2510,134,'2005-08-04 00:00:00','r1','Central',949),(2511,176,'2005-08-05 00:00:00','r1','Eastern',856),(2512,135,'2005-08-05 00:00:00','r1','Eastern',195),(2513,175,'2005-08-06 00:00:00','r1','Canada',299),(2514,136,'2005-08-09 00:00:00','r1','Central',667),(2515,174,'2005-08-09 00:00:00','r1','Central',195),(2516,137,'2005-08-10 00:00:00','r1','Central',1142),(2517,173,'2005-08-10 00:00:00','r1','Eastern',129),(2518,138,'2005-08-11 00:00:00','r1','Canada',195),(2519,172,'2005-08-11 00:00:00','r1','Eastern',690),(2520,139,'2005-08-12 00:00:00','r1','Eastern',1596),(2521,171,'2005-08-12 00:00:00','r1','Central',299),(2522,140,'2005-08-12 00:00:00','r1','Western',195),(2523,170,'2005-08-16 00:00:00','r1','South',129),(2524,133,'2005-08-17 00:00:00','r1','Western',299),(2525,169,'2005-08-18 00:00:00','r1','South',949),(2526,134,'2005-08-19 00:00:00','r1','Central',467),(2527,168,'2005-08-19 00:00:00','r1','Western',949),(2528,135,'2005-08-20 00:00:00','r1','Eastern',195),(2529,167,'2005-08-23 00:00:00','r1','Central',856),(2530,136,'2005-08-23 00:00:00','r1','Central',299),(2531,166,'2005-08-24 00:00:00','r1','South',667),(2532,137,'2005-08-24 00:00:00','r1','Central',129),(2533,165,'2005-08-25 00:00:00','r1','Central',1142),(2534,138,'2005-08-25 00:00:00','r1','Canada',690),(2535,164,'2005-08-26 00:00:00','r1','Eastern',1596),(2536,139,'2005-08-26 00:00:00','r1','Eastern',195),(2537,163,'2005-08-27 00:00:00','r1','Canada',902),(2538,142,'2005-08-30 00:00:00','r1','Central',299),(2539,162,'2005-08-30 00:00:00','r1','Central',467),(2540,143,'2005-08-31 00:00:00','r1','Canada',949),(2541,161,'2005-08-31 00:00:00','r1','Eastern',902),(2542,160,'2005-09-01 00:00:00','r1','Eastern',902),(2543,144,'2005-09-01 00:00:00','r1','Eastern',856),(2544,159,'2005-09-02 00:00:00','r1','Central',299),(2545,145,'2005-09-02 00:00:00','r1','Eastern',667),(2546,158,'2005-09-03 00:00:00','r1','Eastern',902),(2547,146,'2005-09-03 00:00:00','r1','Western',1142),(2548,157,'2005-09-03 00:00:00','r1','Central',129),(2549,147,'2005-09-06 00:00:00','r1','Eastern',195),(2550,156,'2005-09-06 00:00:00','r1','Central',690),(2551,148,'2005-09-07 00:00:00','r1','Canada',1596),(2552,155,'2005-09-08 00:00:00','r1','Central',299),(2553,148,'2005-09-08 00:00:00','r1','Canada',467),(2554,154,'2005-09-09 00:00:00','r1','South',949),(2555,149,'2005-09-09 00:00:00','r1','Canada',902),(2556,153,'2005-09-09 00:00:00','r1','Central',856),(2557,150,'2005-09-10 00:00:00','r1','Canada',299),(2558,152,'2005-09-10 00:00:00','r1','Eastern',667),(2559,151,'2005-09-13 00:00:00','r1','Central',1142),(2560,101,'2005-09-14 00:00:00','r1','Eastern',129),(2561,209,'2005-09-14 00:00:00','r1','Western',195),(2562,102,'2005-09-15 00:00:00','r1','Eastern',690),(2563,208,'2005-09-15 00:00:00','r1','Eastern',1596),(2564,103,'2005-09-16 00:00:00','r1','Eastern',299),(2565,207,'2005-09-16 00:00:00','r1','Central',467),(2566,104,'2005-09-20 00:00:00','r1','South',949),(2567,206,'2005-09-20 00:00:00','r1','Eastern',902),(2568,105,'2005-09-21 00:00:00','r1','Central',856),(2569,205,'2005-09-21 00:00:00','r1','Eastern',299),(2570,106,'2005-09-22 00:00:00','r1','Eastern',667),(2571,204,'2005-09-22 00:00:00','r1','Central',129),(2572,107,'2005-09-22 00:00:00','r1','South',1142),(2573,203,'2005-09-23 00:00:00','r1','Central',195),(2574,108,'2005-09-23 00:00:00','r1','South',690),(2575,202,'2005-09-24 00:00:00','r1','Eastern',299),(2576,109,'2005-09-24 00:00:00','r1','Canada',667),(2577,201,'2005-09-27 00:00:00','r1','Central',129),(2578,110,'2005-09-27 00:00:00','r1','Central',1142),(2579,133,'2005-09-29 00:00:00','r1','Western',195),(2580,200,'2005-09-28 00:00:00','r1','Eastern',195),(2581,111,'2005-09-29 00:00:00','r1','Eastern',690),(2582,209,'2004-09-30 00:00:00','r1','Western',299),(2583,101,'2005-10-04 00:00:00','r1','Eastern',902),(2584,208,'2005-10-05 00:00:00','r1','Eastern',467),(2585,102,'2005-10-07 00:00:00','r1','Eastern',467),(2586,207,'2005-10-08 00:00:00','r1','Central',949),(2587,103,'2005-10-11 00:00:00','r1','Eastern',902),(2588,206,'2005-10-12 00:00:00','r1','Eastern',195),(2589,104,'2005-10-12 00:00:00','r1','South',1142),(2590,205,'2005-10-13 00:00:00','r1','Eastern',129),(2591,105,'2005-10-13 00:00:00','r1','Central',195),(2592,204,'2005-10-13 00:00:00','r1','Central',690),(2593,106,'2005-10-15 00:00:00','r1','Eastern',1596),(2594,203,'2005-10-15 00:00:00','r1','Central',299),(2595,107,'2005-10-15 00:00:00','r1','South',467),(2596,202,'2005-10-18 00:00:00','r1','Eastern',949),(2597,108,'2005-10-18 00:00:00','r1','South',902),(2598,201,'2005-10-19 00:00:00','r1','Central',856),(2599,109,'2005-10-19 00:00:00','r1','Canada',299),(2600,200,'2005-10-19 00:00:00','r1','Eastern',667),(2601,110,'2005-10-20 00:00:00','r1','Central',1142),(2602,199,'2005-10-20 00:00:00','r1','Eastern',129),(2603,111,'2005-10-21 00:00:00','r1','Eastern',690),(2604,198,'2005-10-22 00:00:00','r1','Western',1596),(2605,112,'2005-10-22 00:00:00','r1','Central',299),(2606,197,'2005-10-25 00:00:00','r1','South',467),(2607,113,'2005-10-25 00:00:00','r1','Central',949),(2608,196,'2005-10-25 00:00:00','r1','Canada',902),(2609,114,'2005-10-26 00:00:00','r1','Central',856),(2610,195,'2005-10-26 00:00:00','r1','South',299),(2611,115,'2005-10-27 00:00:00','r1','Central',667),(2612,194,'2005-10-27 00:00:00','r1','Eastern',129),(2613,116,'2005-10-28 00:00:00','r1','Eastern',1142),(2614,193,'2005-10-28 00:00:00','r1','Central',690),(2615,117,'2005-10-28 00:00:00','r1','Central',1596),(2616,192,'2005-10-29 00:00:00','r1','Central',299),(2617,118,'2005-11-02 00:00:00','r1','South',467),(2618,191,'2005-11-02 00:00:00','r1','South',902),(2619,119,'2005-11-03 00:00:00','r1','Western',856),(2620,190,'2005-11-03 00:00:00','r1','Central',299),(2621,120,'2005-11-04 00:00:00','r1','Eastern',667),(2622,189,'2005-11-04 00:00:00','r1','Eastern',1142),(2623,121,'2005-11-05 00:00:00','r1','Central',129),(2624,188,'2005-11-05 00:00:00','r1','Central',195),(2625,122,'2005-11-08 00:00:00','r1','Eastern',690),(2626,187,'2005-11-08 00:00:00','r1','Central',1596),(2627,123,'2005-11-09 00:00:00','r1','Canada',299),(2628,186,'2005-11-09 00:00:00','r1','Central',467),(2629,124,'2005-11-10 00:00:00','r1','Eastern',949),(2630,185,'2005-11-10 00:00:00','r1','Eastern',902),(2631,125,'2005-11-11 00:00:00','r1','Central',856),(2632,184,'2005-11-11 00:00:00','r1','Central',299),(2633,126,'2005-11-12 00:00:00','r1','Western',667),(2634,183,'2005-11-12 00:00:00','r1','South',1142),(2635,127,'2005-11-15 00:00:00','r1','South',129),(2636,182,'2005-11-16 00:00:00','r1','Western',195),(2637,128,'2005-11-16 00:00:00','r1','Eastern',690),(2638,181,'2005-11-17 00:00:00','r1','Eastern',1596),(2639,129,'2005-11-17 00:00:00','r1','Eastern',299),(2640,180,'2005-11-18 00:00:00','r1','Eastern',467),(2641,130,'2005-11-18 00:00:00','r1','Central',949),(2642,179,'2005-11-19 00:00:00','r1','South',902),(2643,129,'2005-11-19 00:00:00','r1','Eastern',856),(2644,178,'2005-11-23 00:00:00','r1','Eastern',299),(2645,130,'2005-11-23 00:00:00','r1','Central',667),(2646,177,'2005-11-24 00:00:00','r1','South',1142),(2647,131,'2005-11-24 00:00:00','r1','Eastern',129),(2648,176,'2005-11-25 00:00:00','r1','Eastern',195),(2649,132,'2005-11-25 00:00:00','r1','Central',690),(2650,175,'2005-11-26 00:00:00','r1','Canada',1596),(2651,133,'2005-11-26 00:00:00','r1','Western',299),(2652,174,'2005-11-26 00:00:00','r1','Central',902),(2653,102,'2006-10-17 00:00:00','e3','Eastern',148),(2654,105,'2006-10-29 00:00:00','e2','South',148);
/*!40000 ALTER TABLE `sales_order` ENABLE KEYS */;
UNLOCK TABLES;

--
-- Table structure for table `sales_order_item`
--

DROP TABLE IF EXISTS `sales_order_item`;
/*!40101 SET @saved_cs_client     = @@character_set_client */;
/*!40101 SET character_set_client = utf8 */;
CREATE TABLE `sales_order_item` (
  `id` int(10) NOT NULL,
  `line_id` int(10) NOT NULL,
  `prod_id` int(10) DEFAULT NULL,
  `quantity` int(10) DEFAULT NULL,
  `ship_date` datetime DEFAULT NULL,
  PRIMARY KEY (`id`,`line_id`),
  KEY `line_id` (`line_id`),
  KEY `prod_id` (`prod_id`),
  KEY `ProductSales_order_item` (`prod_id`),
  KEY `Sales_order_itemid` (`id`),
  KEY `Sales_orderSales_order_item` (`id`)
) ENGINE=InnoDB DEFAULT CHARSET=latin1;
/*!40101 SET character_set_client = @saved_cs_client */;

--
-- Dumping data for table `sales_order_item`
--

LOCK TABLES `sales_order_item` WRITE;
/*!40000 ALTER TABLE `sales_order_item` DISABLE KEYS */;
INSERT INTO `sales_order_item` VALUES (2001,1,300,12,'2004-09-15 00:00:00'),(2001,2,301,12,'2004-09-14 00:00:00'),(2001,3,302,12,'2004-09-14 00:00:00'),(2002,1,400,24,'2004-09-18 00:00:00'),(2002,2,401,24,'2004-09-18 00:00:00'),(2003,1,500,12,'2004-09-23 00:00:00'),(2003,2,501,12,'2004-09-23 00:00:00'),(2003,3,400,12,'2004-09-23 00:00:00'),(2004,1,600,48,'2004-09-23 00:00:00'),(2004,2,601,48,'2004-09-23 00:00:00'),(2005,1,700,12,'2005-09-24 00:00:00'),(2006,1,300,48,'2005-09-28 00:00:00'),(2007,1,301,24,'2005-09-30 00:00:00'),(2008,1,302,12,'2005-10-01 00:00:00'),(2009,1,400,12,'2005-10-04 00:00:00'),(2010,1,401,12,'2005-10-05 00:00:00'),(2011,1,500,36,'2005-10-07 00:00:00'),(2012,1,501,12,'2005-10-06 00:00:00'),(2013,1,600,24,'2005-10-11 00:00:00'),(2013,2,601,24,'2005-10-11 00:00:00'),(2014,1,700,36,'2005-10-07 00:00:00'),(2015,1,300,24,'2005-10-06 00:00:00'),(2015,2,301,24,'2005-10-06 00:00:00'),(2015,3,302,24,'2005-10-06 00:00:00'),(2015,4,700,24,'2005-10-06 00:00:00'),(2016,1,402,12,'2005-10-08 00:00:00'),(2016,2,401,12,'2004-10-08 00:00:00'),(2016,3,500,12,'2005-10-08 00:00:00'),(2016,4,501,12,'2004-10-08 00:00:00'),(2017,1,302,48,'2005-09-07 00:00:00'),(2017,2,600,48,'2005-10-08 00:00:00'),(2017,3,601,48,'2005-10-08 00:00:00'),(2018,1,700,60,'2005-09-08 00:00:00'),(2019,1,300,12,'2004-08-13 00:00:00'),(2020,1,700,24,'2005-09-03 00:00:00'),(2021,1,600,12,'2005-10-08 00:00:00'),(2022,1,500,24,'2005-11-04 00:00:00'),(2023,1,401,24,'2005-12-08 00:00:00'),(2024,1,302,36,'2006-01-11 00:00:00'),(2025,1,501,12,'2005-11-02 00:00:00'),(2026,1,301,48,'2005-08-04 00:00:00'),(2026,2,700,48,'2005-08-04 00:00:00'),(2027,1,401,12,'2005-12-16 00:00:00'),(2028,1,601,24,'2004-12-31 00:00:00'),(2029,1,302,48,'2004-12-14 00:00:00'),(2030,1,300,24,'2005-10-06 00:00:00'),(2030,2,301,24,'2005-10-06 00:00:00'),(2030,3,302,24,'2005-10-06 00:00:00'),(2030,4,700,24,'2005-10-06 00:00:00'),(2031,1,400,48,'2004-12-01 00:00:00'),(2031,2,401,48,'2005-12-01 00:00:00'),(2032,1,501,60,'2006-01-05 00:00:00'),(2033,1,400,24,'2005-08-16 00:00:00'),(2033,2,401,24,'2004-08-14 00:00:00'),(2035,1,501,36,'2005-10-29 00:00:00'),(2036,1,600,12,'2005-07-07 00:00:00'),(2037,1,601,12,'2004-07-28 00:00:00'),(2038,1,700,60,'2005-08-05 00:00:00'),(2039,1,300,12,'2004-08-31 00:00:00'),(2040,1,301,24,'2005-10-26 00:00:00'),(2041,1,302,36,'2005-11-01 00:00:00'),(2042,1,400,12,'2005-08-27 00:00:00'),(2043,1,401,36,'2005-09-20 00:00:00'),(2044,1,500,48,'2005-01-15 00:00:00'),(2045,1,501,36,'2005-01-04 00:00:00'),(2046,1,600,12,'2005-08-03 00:00:00'),(2047,1,601,24,'2005-09-10 00:00:00'),(2048,1,700,12,'2005-09-10 00:00:00'),(2049,1,300,24,'2005-08-19 00:00:00'),(2050,1,301,24,'2005-08-30 00:00:00'),(2051,1,302,36,'2004-11-16 00:00:00'),(2052,1,400,48,'2006-01-03 00:00:00'),(2053,1,401,60,'2005-12-29 00:00:00'),(2054,1,500,12,'2005-11-29 00:00:00'),(2055,1,501,12,'2005-09-29 00:00:00'),(2056,1,600,24,'2005-10-15 00:00:00'),(2057,1,700,24,'2005-09-20 00:00:00'),(2058,1,300,12,'2005-10-06 00:00:00'),(2059,1,301,12,'2005-10-06 00:00:00'),(2060,1,302,12,'2005-11-02 00:00:00'),(2061,1,400,24,'2005-01-19 00:00:00'),(2062,1,401,36,'2005-12-16 00:00:00'),(2063,1,500,48,'2005-12-20 00:00:00'),(2064,1,501,60,'2005-11-01 00:00:00'),(2065,1,600,12,'2004-07-07 00:00:00'),(2067,1,700,72,'2005-10-25 00:00:00'),(2068,1,300,36,'2005-11-01 00:00:00'),(2069,1,301,12,'2005-08-17 00:00:00'),(2070,1,302,24,'2004-08-31 00:00:00'),(2071,1,400,60,'2005-11-24 00:00:00'),(2072,1,400,24,'2005-11-15 00:00:00'),(2073,1,401,24,'2005-12-01 00:00:00'),(2074,1,500,12,'2006-01-20 00:00:00'),(2074,2,501,12,'2006-01-20 00:00:00'),(2075,1,600,12,'2005-08-18 00:00:00'),(2076,1,601,36,'2005-09-20 00:00:00'),(2077,1,700,48,'2005-10-06 00:00:00'),(2078,1,300,12,'2005-11-01 00:00:00'),(2079,1,301,24,'2005-10-04 00:00:00'),(2080,1,302,12,'2005-11-01 00:00:00'),(2081,1,400,36,'2004-12-04 00:00:00'),(2082,1,401,48,'2006-01-07 00:00:00'),(2083,1,500,60,'2004-07-16 00:00:00'),(2084,1,501,60,'2005-08-13 00:00:00'),(2085,1,600,24,'2004-09-11 00:00:00'),(2086,1,601,12,'2005-10-12 00:00:00'),(2087,1,700,36,'2005-11-10 00:00:00'),(2089,1,300,12,'2005-12-14 00:00:00'),(2090,1,301,24,'2006-01-14 00:00:00'),(2091,1,302,60,'2005-12-31 00:00:00'),(2092,1,400,12,'2005-07-13 00:00:00'),(2093,1,401,24,'2004-08-15 00:00:00'),(2094,1,500,24,'2005-09-15 00:00:00'),(2095,1,300,36,'2005-10-19 00:00:00'),(2095,2,301,36,'2005-10-19 00:00:00'),(2095,3,303,36,'2005-10-19 00:00:00'),(2096,1,501,12,'2005-11-17 00:00:00'),(2097,1,600,48,'2004-12-21 00:00:00'),(2098,1,601,60,'2006-01-17 00:00:00'),(2099,1,700,12,'2004-07-22 00:00:00'),(2100,1,400,36,'2005-08-23 00:00:00'),(2101,1,401,24,'2004-09-22 00:00:00'),(2102,1,500,12,'2005-10-25 00:00:00'),(2103,1,501,48,'2005-11-23 00:00:00'),(2104,1,600,12,'2004-12-23 00:00:00'),(2105,1,700,24,'2006-01-24 00:00:00'),(2106,1,300,12,'2005-07-08 00:00:00'),(2107,1,301,36,'2004-08-08 00:00:00'),(2109,1,400,60,'2004-10-07 00:00:00'),(2110,1,401,24,'2005-11-09 00:00:00'),(2111,1,500,36,'2005-12-13 00:00:00'),(2112,1,501,12,'2006-01-10 00:00:00'),(2112,2,601,12,'2005-07-13 00:00:00'),(2113,1,600,12,'2005-07-16 00:00:00'),(2114,1,600,24,'2005-08-16 00:00:00'),(2114,2,601,24,'2005-08-16 00:00:00'),(2115,1,600,36,'2004-09-14 00:00:00'),(2115,2,700,36,'2004-09-14 00:00:00'),(2116,1,300,48,'2005-10-15 00:00:00'),(2117,1,301,60,'2004-11-13 00:00:00'),(2118,1,302,12,'2005-12-20 00:00:00'),(2119,1,400,24,'2006-01-17 00:00:00'),(2120,1,401,24,'2005-07-22 00:00:00'),(2121,1,500,12,'2004-08-22 00:00:00'),(2122,1,501,48,'2005-09-23 00:00:00'),(2123,1,600,60,'2005-10-22 00:00:00'),(2124,1,601,60,'2004-11-23 00:00:00'),(2125,1,400,36,'2005-12-27 00:00:00'),(2125,2,401,36,'2005-12-27 00:00:00'),(2125,3,500,36,'2005-12-27 00:00:00'),(2126,1,301,24,'2004-07-04 00:00:00'),(2127,1,400,36,'2005-07-08 00:00:00'),(2128,1,400,24,'2004-07-30 00:00:00'),(2128,2,700,36,'2004-07-30 00:00:00'),(2129,1,300,12,'2004-07-09 00:00:00'),(2130,1,501,24,'2004-07-21 00:00:00'),(2131,1,300,12,'2004-07-04 00:00:00'),(2131,2,301,12,'2004-07-04 00:00:00'),(2131,3,302,12,'2004-07-04 00:00:00'),(2132,1,400,48,'2004-07-10 00:00:00'),(2132,2,401,48,'2004-07-10 00:00:00'),(2133,1,500,24,'2004-07-14 00:00:00'),(2134,1,600,12,'2004-07-16 00:00:00'),(2135,1,300,12,'2004-07-08 00:00:00'),(2135,2,301,12,'2004-07-08 00:00:00'),(2135,3,302,12,'2004-07-08 00:00:00'),(2136,1,400,24,'2004-07-14 00:00:00'),(2136,2,401,24,'2004-07-14 00:00:00'),(2137,1,500,60,'2004-07-15 00:00:00'),(2137,2,501,60,'2004-07-15 00:00:00'),(2138,1,600,36,'2004-07-18 00:00:00'),(2138,2,601,36,'2004-07-18 00:00:00'),(2139,1,700,60,'2004-07-21 00:00:00'),(2140,1,300,36,'2004-07-22 00:00:00'),(2140,2,301,36,'2004-07-22 00:00:00'),(2140,3,302,36,'2004-07-22 00:00:00'),(2141,1,400,12,'2004-07-23 00:00:00'),(2141,2,401,12,'2004-07-23 00:00:00'),(2142,1,500,24,'2004-07-24 00:00:00'),(2142,2,501,24,'2004-07-24 00:00:00'),(2143,1,600,48,'2004-07-25 00:00:00'),(2143,2,601,48,'2004-07-25 00:00:00'),(2144,1,400,12,'2004-07-25 00:00:00'),(2144,2,700,12,'2004-07-25 00:00:00'),(2145,1,500,24,'2004-07-29 00:00:00'),(2145,2,501,24,'2004-07-29 00:00:00'),(2146,1,600,12,'2004-07-29 00:00:00'),(2146,2,601,12,'2004-07-29 00:00:00'),(2146,3,700,12,'2004-07-29 00:00:00'),(2147,1,300,36,'2004-07-30 00:00:00'),(2147,2,301,36,'2004-07-30 00:00:00'),(2147,3,302,36,'2004-07-30 00:00:00'),(2148,1,400,12,'2004-08-01 00:00:00'),(2148,2,401,12,'2004-08-01 00:00:00'),(2149,1,500,24,'2004-08-04 00:00:00'),(2149,2,501,24,'2004-08-04 00:00:00'),(2150,1,600,12,'2004-08-05 00:00:00'),(2150,2,601,12,'2004-08-05 00:00:00'),(2151,1,700,72,'2004-08-06 00:00:00'),(2152,1,400,12,'2004-08-07 00:00:00'),(2152,2,401,12,'2004-08-07 00:00:00'),(2153,1,500,24,'2004-08-08 00:00:00'),(2153,2,501,24,'2004-08-08 00:00:00'),(2154,1,600,36,'2004-08-11 00:00:00'),(2154,2,601,36,'2004-08-11 00:00:00'),(2155,1,700,60,'2004-08-11 00:00:00'),(2156,1,300,12,'2004-08-13 00:00:00'),(2156,2,301,12,'2004-08-13 00:00:00'),(2156,3,302,12,'2004-08-13 00:00:00'),(2156,4,700,12,'2004-08-13 00:00:00'),(2157,1,400,24,'2004-08-14 00:00:00'),(2157,2,401,24,'2004-08-14 00:00:00'),(2157,3,500,24,'2004-08-14 00:00:00'),(2157,4,501,24,'2004-08-14 00:00:00'),(2158,1,500,12,'2004-08-15 00:00:00'),(2158,2,501,12,'2004-08-15 00:00:00'),(2158,3,600,36,'2004-08-15 00:00:00'),(2158,4,601,36,'2004-08-15 00:00:00'),(2159,1,600,24,'2004-08-15 00:00:00'),(2160,1,601,24,'2004-08-15 00:00:00'),(2161,1,300,36,'2004-08-19 00:00:00'),(2161,2,301,36,'2004-08-19 00:00:00'),(2161,3,302,12,'2004-08-19 00:00:00'),(2162,1,400,24,'2004-08-20 00:00:00'),(2162,2,401,12,'2004-08-20 00:00:00'),(2162,3,500,36,'2004-08-20 00:00:00'),(2163,1,600,24,'2004-08-21 00:00:00'),(2163,2,601,24,'2004-08-21 00:00:00'),(2164,1,600,60,'2004-08-22 00:00:00'),(2164,2,601,60,'2004-08-22 00:00:00'),(2164,3,700,36,'2004-08-22 00:00:00'),(2165,1,300,12,'2004-08-25 00:00:00'),(2165,2,301,24,'2004-08-25 00:00:00'),(2165,3,302,12,'2004-08-25 00:00:00'),(2166,1,400,36,'2004-08-26 00:00:00'),(2166,2,401,36,'2004-08-26 00:00:00'),(2167,1,400,12,'2004-08-27 00:00:00'),(2167,2,401,12,'2004-08-27 00:00:00'),(2167,3,500,12,'2004-08-27 00:00:00'),(2167,4,501,24,'2004-08-27 00:00:00'),(2168,1,600,24,'2004-08-28 00:00:00'),(2168,2,601,24,'2004-08-28 00:00:00'),(2169,1,300,36,'2004-08-29 00:00:00'),(2169,2,301,36,'2005-08-29 00:00:00'),(2169,3,302,24,'2004-08-29 00:00:00'),(2170,1,400,60,'2004-08-31 00:00:00'),(2170,2,401,24,'2004-08-31 00:00:00'),(2170,3,500,24,'2004-08-31 00:00:00'),(2171,1,600,12,'2004-09-02 00:00:00'),(2171,2,601,12,'2004-09-02 00:00:00'),(2172,1,300,24,'2004-08-31 00:00:00'),(2172,2,301,24,'2005-08-31 00:00:00'),(2172,3,302,24,'2005-08-31 00:00:00'),(2173,1,400,12,'2004-09-02 00:00:00'),(2173,2,401,12,'2004-09-02 00:00:00'),(2174,1,500,36,'2004-09-03 00:00:00'),(2174,2,501,36,'2004-09-03 00:00:00'),(2175,1,600,48,'2004-09-04 00:00:00'),(2175,2,601,48,'2004-09-04 00:00:00'),(2176,1,700,60,'2004-09-04 00:00:00'),(2177,1,300,12,'2004-09-04 00:00:00'),(2178,1,300,24,'2004-09-08 00:00:00'),(2178,2,301,24,'2004-09-08 00:00:00'),(2178,3,400,12,'2004-09-08 00:00:00'),(2179,1,500,36,'2004-09-09 00:00:00'),(2179,2,501,36,'2004-09-09 00:00:00'),(2180,1,600,12,'2004-09-10 00:00:00'),(2180,2,601,12,'2004-09-10 00:00:00'),(2180,3,700,24,'2004-09-10 00:00:00'),(2181,1,400,36,'2004-09-11 00:00:00'),(2181,2,401,36,'2004-09-11 00:00:00'),(2182,1,500,12,'2004-09-11 00:00:00'),(2182,2,501,12,'2004-09-11 00:00:00'),(2183,1,600,24,'2004-09-16 00:00:00'),(2183,2,601,24,'2004-09-16 00:00:00'),(2184,1,300,12,'2004-09-17 00:00:00'),(2184,2,301,12,'2004-09-17 00:00:00'),(2184,3,700,12,'2004-09-17 00:00:00'),(2185,1,400,24,'2004-09-18 00:00:00'),(2185,2,401,24,'2004-09-18 00:00:00'),(2186,1,500,36,'2004-09-21 00:00:00'),(2186,2,501,36,'2004-09-21 00:00:00'),(2187,1,600,48,'2004-09-22 00:00:00'),(2187,2,601,48,'2004-09-22 00:00:00'),(2188,1,700,60,'2004-09-23 00:00:00'),(2189,1,300,12,'2004-09-23 00:00:00'),(2189,2,302,12,'2004-09-23 00:00:00'),(2190,1,301,24,'2004-09-24 00:00:00'),(2190,2,400,24,'2004-09-24 00:00:00'),(2190,3,501,24,'2004-09-24 00:00:00'),(2191,1,302,36,'2004-09-25 00:00:00'),(2191,2,601,36,'2004-09-25 00:00:00'),(2191,3,700,36,'2004-09-25 00:00:00'),(2192,1,301,12,'2004-09-28 00:00:00'),(2192,2,401,12,'2004-09-28 00:00:00'),(2192,3,600,12,'2004-09-28 00:00:00'),(2193,1,600,24,'2004-09-29 00:00:00'),(2193,2,601,24,'2004-09-29 00:00:00'),(2193,3,700,24,'2004-09-29 00:00:00'),(2194,1,300,12,'2004-09-30 00:00:00'),(2194,2,301,12,'2004-09-30 00:00:00'),(2194,3,302,12,'2004-09-30 00:00:00'),(2195,1,400,12,'2004-10-01 00:00:00'),(2195,2,500,24,'2004-10-01 00:00:00'),(2195,3,501,24,'2004-10-01 00:00:00'),(2196,1,400,36,'2004-10-02 00:00:00'),(2196,2,401,36,'2004-10-02 00:00:00'),(2196,3,500,24,'2004-10-02 00:00:00'),(2197,1,600,48,'2004-10-05 00:00:00'),(2197,2,601,48,'2004-10-05 00:00:00'),(2197,3,700,48,'2004-10-05 00:00:00'),(2198,1,300,12,'2004-10-06 00:00:00'),(2198,2,301,12,'2004-10-06 00:00:00'),(2198,3,302,12,'2004-10-06 00:00:00'),(2199,1,400,36,'2004-10-07 00:00:00'),(2199,2,401,36,'2004-10-07 00:00:00'),(2199,3,600,12,'2004-10-07 00:00:00'),(2200,1,400,24,'2004-10-08 00:00:00'),(2200,2,401,24,'2004-10-08 00:00:00'),(2200,3,500,24,'2004-10-08 00:00:00'),(2201,1,600,60,'2004-10-09 00:00:00'),(2201,2,601,60,'2004-10-09 00:00:00'),(2201,3,700,60,'2004-10-09 00:00:00'),(2202,1,300,12,'2004-10-12 00:00:00'),(2202,2,301,12,'2004-10-12 00:00:00'),(2202,3,302,12,'2004-10-12 00:00:00'),(2203,1,400,24,'2004-10-13 00:00:00'),(2203,2,401,24,'2004-10-13 00:00:00'),(2204,1,400,24,'2004-10-14 00:00:00'),(2204,2,401,24,'2004-10-14 00:00:00'),(2204,3,500,36,'2004-10-14 00:00:00'),(2204,4,501,36,'2004-10-14 00:00:00'),(2205,1,500,12,'2004-10-15 00:00:00'),(2205,2,501,12,'2004-10-15 00:00:00'),(2205,3,700,24,'2004-10-15 00:00:00'),(2206,1,300,12,'2004-10-16 00:00:00'),(2206,2,301,12,'2004-10-16 00:00:00'),(2206,3,302,12,'2004-10-16 00:00:00'),(2206,4,700,12,'2004-10-16 00:00:00'),(2207,1,400,24,'2004-10-19 00:00:00'),(2207,2,401,24,'2004-10-19 00:00:00'),(2207,3,501,12,'2004-10-19 00:00:00'),(2208,1,400,36,'2004-10-20 00:00:00'),(2208,2,401,36,'2004-10-20 00:00:00'),(2208,3,500,36,'2004-10-20 00:00:00'),(2208,4,501,36,'2004-10-20 00:00:00'),(2209,1,500,12,'2004-10-21 00:00:00'),(2209,2,501,12,'2004-10-21 00:00:00'),(2209,3,600,12,'2004-10-21 00:00:00'),(2209,4,601,12,'2004-10-21 00:00:00'),(2210,1,300,24,'2004-10-22 00:00:00'),(2210,2,301,24,'2004-10-22 00:00:00'),(2210,3,302,24,'2004-10-22 00:00:00'),(2210,4,700,24,'2004-10-22 00:00:00'),(2211,1,400,36,'2004-10-23 00:00:00'),(2211,2,501,24,'2004-10-23 00:00:00'),(2211,3,600,12,'2004-10-23 00:00:00'),(2212,1,401,36,'2004-10-26 00:00:00'),(2212,2,500,24,'2004-10-26 00:00:00'),(2212,3,601,12,'2004-10-26 00:00:00'),(2213,1,300,48,'2004-10-27 00:00:00'),(2213,2,301,36,'2004-10-27 00:00:00'),(2213,3,600,24,'2004-10-27 00:00:00'),(2213,4,601,24,'2004-10-27 00:00:00'),(2214,1,302,12,'2004-10-28 00:00:00'),(2214,2,401,12,'2004-10-28 00:00:00'),(2214,3,700,24,'2004-10-28 00:00:00'),(2215,1,301,12,'2004-10-29 00:00:00'),(2215,2,500,12,'2004-10-29 00:00:00'),(2215,3,700,36,'2004-10-29 00:00:00'),(2216,1,400,24,'2004-10-30 00:00:00'),(2216,2,401,24,'2004-10-30 00:00:00'),(2217,1,400,24,'2004-11-02 00:00:00'),(2217,2,500,36,'2004-11-02 00:00:00'),(2217,3,501,36,'2004-11-02 00:00:00'),(2218,1,600,24,'2004-11-03 00:00:00'),(2218,2,601,24,'2004-11-03 00:00:00'),(2219,3,300,24,'2004-11-04 00:00:00'),(2219,4,401,12,'2004-11-04 00:00:00'),(2219,5,700,48,'2004-11-04 00:00:00'),(2220,1,301,24,'2004-11-05 00:00:00'),(2220,2,700,36,'2004-11-05 00:00:00'),(2221,1,401,12,'2004-11-06 00:00:00'),(2221,2,601,24,'2004-11-06 00:00:00'),(2222,1,500,12,'2004-11-09 00:00:00'),(2222,2,501,12,'2004-11-09 00:00:00'),(2223,1,600,24,'2004-11-10 00:00:00'),(2223,2,601,24,'2004-11-10 00:00:00'),(2223,3,700,12,'2004-11-10 00:00:00'),(2224,1,300,24,'2004-11-11 00:00:00'),(2224,2,301,24,'2004-11-11 00:00:00'),(2224,3,302,24,'2004-11-11 00:00:00'),(2225,1,400,36,'2004-11-12 00:00:00'),(2225,2,401,36,'2004-11-12 00:00:00'),(2226,1,500,12,'2004-11-13 00:00:00'),(2226,2,501,12,'2004-11-13 00:00:00'),(2227,1,600,12,'2004-11-16 00:00:00'),(2227,2,601,12,'2004-11-16 00:00:00'),(2228,1,300,36,'2004-11-17 00:00:00'),(2228,2,302,36,'2004-11-17 00:00:00'),(2229,1,301,24,'2004-11-18 00:00:00'),(2229,2,400,24,'2004-11-18 00:00:00'),(2229,3,700,12,'2004-11-18 00:00:00'),(2230,1,600,60,'2004-11-19 00:00:00'),(2230,2,601,60,'2004-11-19 00:00:00'),(2231,1,500,72,'2004-11-20 00:00:00'),(2231,2,501,60,'2004-11-20 00:00:00'),(2232,1,400,36,'2004-11-23 00:00:00'),(2232,2,401,36,'2004-11-23 00:00:00'),(2233,1,500,12,'2004-11-24 00:00:00'),(2233,2,501,12,'2004-11-24 00:00:00'),(2234,1,600,24,'2004-11-25 00:00:00'),(2234,2,601,24,'2004-11-25 00:00:00'),(2235,1,300,36,'2004-11-26 00:00:00'),(2235,2,302,36,'2004-11-26 00:00:00'),(2236,1,301,12,'2004-11-27 00:00:00'),(2236,2,700,60,'2004-11-27 00:00:00'),(2237,1,400,36,'2004-11-30 00:00:00'),(2237,2,401,36,'2004-11-30 00:00:00'),(2238,1,500,24,'2004-11-27 00:00:00'),(2239,1,600,72,'2004-12-01 00:00:00'),(2239,2,601,60,'2004-12-01 00:00:00'),(2240,1,300,12,'2004-12-02 00:00:00'),(2240,2,301,12,'2004-12-02 00:00:00'),(2240,3,302,12,'2004-12-02 00:00:00'),(2241,1,400,24,'2004-12-03 00:00:00'),(2241,2,401,24,'2004-12-03 00:00:00'),(2242,1,600,60,'2004-12-04 00:00:00'),(2242,2,601,48,'2004-12-04 00:00:00'),(2243,1,500,24,'2004-12-07 00:00:00'),(2243,2,501,12,'2004-12-07 00:00:00'),(2244,1,300,24,'2004-12-08 00:00:00'),(2244,2,302,24,'2004-12-08 00:00:00'),(2245,1,301,36,'2004-12-09 00:00:00'),(2245,2,400,24,'2004-12-09 00:00:00'),(2246,1,600,48,'2004-12-10 00:00:00'),(2246,2,601,60,'2004-12-10 00:00:00'),(2247,1,300,12,'2004-12-11 00:00:00'),(2247,2,700,24,'2004-12-11 00:00:00'),(2248,1,301,12,'2004-12-14 00:00:00'),(2248,2,400,12,'2004-12-14 00:00:00'),(2249,1,302,12,'2004-12-14 00:00:00'),(2249,2,401,24,'2004-12-14 00:00:00'),(2250,1,300,24,'2004-12-15 00:00:00'),(2250,2,700,36,'2004-12-15 00:00:00'),(2251,1,500,12,'2004-12-17 00:00:00'),(2251,2,501,24,'2004-12-17 00:00:00'),(2252,1,300,12,'2004-12-18 00:00:00'),(2252,2,302,12,'2004-12-18 00:00:00'),(2253,1,301,24,'2004-12-21 00:00:00'),(2253,2,400,12,'2004-12-21 00:00:00'),(2254,1,500,36,'2004-12-22 00:00:00'),(2254,2,501,24,'2004-12-22 00:00:00'),(2255,1,600,48,'2004-12-23 00:00:00'),(2255,2,601,36,'2004-12-23 00:00:00'),(2256,1,400,12,'2004-12-24 00:00:00'),(2256,2,401,12,'2004-12-24 00:00:00'),(2257,1,302,24,'2004-12-25 00:00:00'),(2257,2,400,12,'2004-12-25 00:00:00'),(2257,3,700,24,'2004-12-25 00:00:00'),(2258,1,300,36,'2004-12-28 00:00:00'),(2258,2,301,24,'2004-12-28 00:00:00'),(2258,3,302,12,'2004-12-28 00:00:00'),(2259,1,400,36,'2004-12-29 00:00:00'),(2259,2,401,36,'2004-12-29 00:00:00'),(2260,1,600,48,'2004-12-30 00:00:00'),(2260,2,601,48,'2004-12-30 00:00:00'),(2261,1,300,12,'2004-12-31 00:00:00'),(2261,2,700,48,'2004-12-31 00:00:00'),(2262,1,301,24,'2005-01-04 00:00:00'),(2262,2,400,12,'2005-01-04 00:00:00'),(2263,1,300,24,'2005-01-05 00:00:00'),(2263,2,302,24,'2005-01-05 00:00:00'),(2264,1,401,36,'2005-01-06 00:00:00'),(2264,2,501,48,'2005-01-06 00:00:00'),(2264,3,600,12,'2005-01-06 00:00:00'),(2265,1,400,24,'2005-01-07 00:00:00'),(2265,2,401,24,'2005-01-07 00:00:00'),(2266,1,500,12,'2005-01-08 00:00:00'),(2266,2,501,12,'2005-01-08 00:00:00'),(2267,1,600,24,'2005-01-11 00:00:00'),(2267,2,601,12,'2005-01-11 00:00:00'),(2267,3,700,48,'2005-01-11 00:00:00'),(2268,1,300,12,'2005-01-12 00:00:00'),(2268,2,301,12,'2005-01-12 00:00:00'),(2269,1,300,24,'2005-01-13 00:00:00'),(2269,2,400,48,'2005-01-13 00:00:00'),(2269,3,601,12,'2005-01-13 00:00:00'),(2270,1,400,36,'2005-01-14 00:00:00'),(2270,2,401,24,'2005-01-14 00:00:00'),(2271,1,500,12,'2005-01-15 00:00:00'),(2272,1,600,24,'2005-01-15 00:00:00'),(2272,2,601,12,'2005-01-15 00:00:00'),(2273,1,700,60,'2005-01-14 00:00:00'),(2274,1,300,48,'2005-01-18 00:00:00'),(2274,2,301,36,'2005-01-18 00:00:00'),(2275,1,400,12,'2005-01-19 00:00:00'),(2275,2,401,24,'2005-01-19 00:00:00'),(2276,1,500,36,'2005-01-20 00:00:00'),(2276,2,501,24,'2005-01-20 00:00:00'),(2277,1,600,12,'2005-01-21 00:00:00'),(2277,2,601,24,'2005-01-21 00:00:00'),(2278,1,700,48,'2005-01-21 00:00:00'),(2279,1,300,12,'2005-01-22 00:00:00'),(2280,1,301,24,'2005-01-22 00:00:00'),(2280,2,700,48,'2005-01-22 00:00:00'),(2281,1,400,12,'2005-01-25 00:00:00'),(2281,2,401,12,'2005-01-25 00:00:00'),(2282,1,600,24,'2005-01-26 00:00:00'),(2282,2,601,12,'2005-01-26 00:00:00'),(2283,1,700,48,'2005-01-25 00:00:00'),(2284,1,301,12,'2005-01-27 00:00:00'),(2284,2,700,60,'2005-01-27 00:00:00'),(2285,1,300,24,'2005-01-28 00:00:00'),(2285,2,302,12,'2005-01-28 00:00:00'),(2286,1,301,24,'2005-01-29 00:00:00'),(2286,2,400,12,'2005-01-29 00:00:00'),(2287,1,500,12,'2005-01-29 00:00:00'),(2287,2,501,24,'2005-01-29 00:00:00'),(2288,1,600,12,'2005-02-02 00:00:00'),(2288,2,601,24,'2005-02-02 00:00:00'),(2289,1,700,48,'2005-02-01 00:00:00'),(2290,1,300,12,'2005-02-05 00:00:00'),(2290,2,301,12,'2005-02-05 00:00:00'),(2290,3,600,24,'2005-02-05 00:00:00'),(2291,1,601,12,'2005-02-08 00:00:00'),(2291,2,700,12,'2005-02-08 00:00:00'),(2292,1,500,24,'2005-02-09 00:00:00'),(2292,2,501,12,'2005-02-09 00:00:00'),(2293,1,600,24,'2005-02-10 00:00:00'),(2293,2,601,12,'2005-02-10 00:00:00'),(2294,1,700,36,'2005-02-09 00:00:00'),(2295,1,500,12,'2005-02-11 00:00:00'),(2295,2,501,24,'2005-02-11 00:00:00'),(2296,1,600,36,'2005-02-12 00:00:00'),(2296,2,601,24,'2005-02-12 00:00:00'),(2297,1,700,12,'2005-02-11 00:00:00'),(2298,1,300,60,'2005-02-15 00:00:00'),(2298,2,301,36,'2005-02-15 00:00:00'),(2299,1,400,12,'2005-02-16 00:00:00'),(2299,2,401,12,'2005-02-16 00:00:00'),(2300,1,600,36,'2005-02-17 00:00:00'),(2300,2,601,24,'2005-02-17 00:00:00'),(2301,1,700,36,'2005-02-17 00:00:00'),(2302,1,400,12,'2005-02-18 00:00:00'),(2302,2,401,24,'2005-02-18 00:00:00'),(2303,1,500,36,'2005-02-19 00:00:00'),(2303,2,501,36,'2005-02-19 00:00:00'),(2304,1,700,60,'2005-02-18 00:00:00'),(2305,1,301,12,'2005-02-19 00:00:00'),(2306,1,300,24,'2005-02-22 00:00:00'),(2306,2,302,12,'2005-02-22 00:00:00'),(2307,1,301,36,'2005-02-23 00:00:00'),(2307,2,700,12,'2005-02-23 00:00:00'),(2308,1,400,24,'2005-02-24 00:00:00'),(2308,2,401,24,'2005-02-24 00:00:00'),(2309,1,500,12,'2005-02-25 00:00:00'),(2309,2,501,12,'2005-02-25 00:00:00'),(2310,1,600,24,'2005-02-26 00:00:00'),(2310,2,601,24,'2005-02-26 00:00:00'),(2311,1,700,36,'2005-02-25 00:00:00'),(2312,1,300,12,'2005-03-01 00:00:00'),(2312,2,301,12,'2005-03-01 00:00:00'),(2312,3,302,12,'2005-03-01 00:00:00'),(2313,1,300,12,'2005-03-02 00:00:00'),(2313,2,700,24,'2005-03-02 00:00:00'),(2314,1,301,24,'2005-03-02 00:00:00'),(2315,1,400,12,'2005-03-03 00:00:00'),(2315,2,401,12,'2005-03-03 00:00:00'),(2316,1,500,24,'2005-03-04 00:00:00'),(2316,2,501,12,'2005-03-04 00:00:00'),(2317,1,600,36,'2005-03-05 00:00:00'),(2317,2,601,48,'2005-03-05 00:00:00'),(2318,1,300,12,'2005-03-08 00:00:00'),(2318,2,301,12,'2005-03-08 00:00:00'),(2319,1,302,24,'2005-03-09 00:00:00'),(2319,2,700,36,'2005-03-09 00:00:00'),(2320,1,400,12,'2005-03-10 00:00:00'),(2320,2,401,12,'2005-03-10 00:00:00'),(2321,1,501,24,'2005-03-10 00:00:00'),(2322,1,700,60,'2005-03-11 00:00:00'),(2323,1,600,48,'2005-03-10 00:00:00'),(2324,1,601,24,'2005-03-12 00:00:00'),(2324,2,700,12,'2005-03-12 00:00:00'),(2325,1,400,24,'2005-03-15 00:00:00'),(2326,1,600,12,'2005-03-15 00:00:00'),(2327,1,300,24,'2005-03-16 00:00:00'),(2327,2,302,12,'2005-03-16 00:00:00'),(2328,1,301,36,'2005-03-17 00:00:00'),(2328,2,302,24,'2005-03-17 00:00:00'),(2329,1,300,12,'2005-03-18 00:00:00'),(2329,2,700,48,'2005-03-18 00:00:00'),(2330,1,400,24,'2005-03-19 00:00:00'),(2331,1,501,12,'2005-03-18 00:00:00'),(2332,1,600,72,'2005-03-22 00:00:00'),(2333,1,700,12,'2005-03-19 00:00:00'),(2334,1,301,24,'2005-03-23 00:00:00'),(2334,2,302,12,'2005-03-23 00:00:00'),(2335,1,300,36,'2005-03-24 00:00:00'),(2336,1,700,36,'2005-03-24 00:00:00'),(2337,1,300,12,'2005-03-25 00:00:00'),(2337,2,301,24,'2005-03-25 00:00:00'),(2338,1,302,12,'2005-03-25 00:00:00'),(2339,1,400,24,'2005-03-26 00:00:00'),(2340,1,500,36,'2005-03-29 00:00:00'),(2341,1,601,12,'2005-03-26 00:00:00'),(2342,1,700,24,'2005-03-30 00:00:00'),(2343,1,400,12,'2005-03-30 00:00:00'),(2344,1,501,36,'2005-03-31 00:00:00'),(2345,1,600,24,'2005-03-30 00:00:00'),(2346,1,302,12,'2005-03-31 00:00:00'),(2347,1,400,38,'2005-04-01 00:00:00'),(2348,1,500,24,'2005-04-02 00:00:00'),(2349,1,302,60,'2005-04-01 00:00:00'),(2350,1,401,48,'2005-04-05 00:00:00'),(2351,1,500,12,'2005-04-02 00:00:00'),(2352,1,300,36,'2005-04-06 00:00:00'),(2353,1,501,24,'2005-04-05 00:00:00'),(2354,1,600,12,'2005-04-07 00:00:00'),(2355,1,601,36,'2005-04-07 00:00:00'),(2355,2,700,24,'2005-04-07 00:00:00'),(2356,1,300,12,'2005-04-08 00:00:00'),(2357,1,302,24,'2005-04-07 00:00:00'),(2358,1,401,36,'2005-04-09 00:00:00'),(2359,1,500,12,'2005-04-09 00:00:00'),(2360,1,301,24,'2005-04-12 00:00:00'),(2360,2,302,12,'2005-04-12 00:00:00'),(2361,1,400,36,'2005-04-09 00:00:00'),(2362,1,501,24,'2005-04-13 00:00:00'),(2363,1,601,36,'2005-04-13 00:00:00'),(2364,1,700,72,'2005-04-14 00:00:00'),(2365,1,300,12,'2005-04-13 00:00:00'),(2366,1,500,36,'2005-04-15 00:00:00'),(2366,2,501,24,'2005-04-15 00:00:00'),(2367,1,400,12,'2005-04-16 00:00:00'),(2368,1,401,24,'2005-04-15 00:00:00'),(2369,1,700,48,'2005-04-19 00:00:00'),(2370,1,600,12,'2005-04-19 00:00:00'),(2371,1,501,36,'2005-04-20 00:00:00'),(2372,1,300,24,'2005-04-20 00:00:00'),(2373,1,302,12,'2005-04-21 00:00:00'),(2374,1,501,36,'2005-04-21 00:00:00'),(2375,1,500,24,'2005-04-22 00:00:00'),(2376,1,600,12,'2005-04-22 00:00:00'),(2377,1,700,48,'2005-04-23 00:00:00'),(2378,1,301,36,'2005-04-23 00:00:00'),(2379,1,401,24,'2005-04-23 00:00:00'),(2379,2,600,12,'2005-04-23 00:00:00'),(2380,1,400,36,'2005-04-27 00:00:00'),(2381,1,302,24,'2005-04-27 00:00:00'),(2382,1,400,12,'2005-04-28 00:00:00'),(2383,1,601,24,'2005-04-28 00:00:00'),(2384,1,300,48,'2005-04-29 00:00:00'),(2384,2,401,36,'2005-04-29 00:00:00'),(2385,1,700,24,'2005-04-30 00:00:00'),(2386,1,500,12,'2005-04-30 00:00:00'),(2387,1,302,24,'2005-04-30 00:00:00'),(2387,2,700,36,'2005-04-30 00:00:00'),(2388,1,401,12,'2005-04-30 00:00:00'),(2388,2,501,24,'2005-04-30 00:00:00'),(2388,3,700,60,'2005-04-30 00:00:00'),(2389,1,600,24,'2005-04-19 00:00:00'),(2389,2,601,12,'2005-04-19 00:00:00'),(2390,1,400,36,'2005-05-04 00:00:00'),(2390,2,401,24,'2005-05-04 00:00:00'),(2391,1,300,12,'2005-05-04 00:00:00'),(2392,1,500,24,'2005-05-05 00:00:00'),(2392,2,501,24,'2005-05-05 00:00:00'),(2393,1,600,12,'2005-05-04 00:00:00'),(2394,1,700,48,'2005-05-05 00:00:00'),(2395,1,301,60,'2005-05-06 00:00:00'),(2395,2,302,24,'2005-05-06 00:00:00'),(2396,1,500,12,'2005-05-07 00:00:00'),(2396,2,501,12,'2005-05-07 00:00:00'),(2397,1,700,36,'2005-05-07 00:00:00'),(2398,1,400,24,'2005-05-07 00:00:00'),(2398,2,500,12,'2005-05-10 00:00:00'),(2398,3,501,24,'2005-05-10 00:00:00'),(2399,1,401,48,'2005-05-11 00:00:00'),(2399,2,700,12,'2005-05-11 00:00:00'),(2400,1,300,24,'2005-05-11 00:00:00'),(2400,2,301,24,'2005-05-11 00:00:00'),(2401,1,600,12,'2005-05-12 00:00:00'),(2401,2,601,24,'2005-05-12 00:00:00'),(2402,1,302,36,'2005-05-11 00:00:00'),(2403,1,400,12,'2005-05-12 00:00:00'),(2403,2,401,12,'2005-05-12 00:00:00'),(2404,1,500,24,'2005-05-13 00:00:00'),(2404,2,501,12,'2005-05-13 00:00:00'),(2405,1,300,36,'2005-05-14 00:00:00'),(2405,2,301,36,'2005-05-14 00:00:00'),(2406,1,400,24,'2005-05-14 00:00:00'),(2406,2,401,12,'2005-05-14 00:00:00'),(2407,1,302,36,'2005-05-17 00:00:00'),(2407,2,700,24,'2005-05-17 00:00:00'),(2408,1,500,36,'2005-05-14 00:00:00'),(2408,2,501,24,'2005-05-14 00:00:00'),(2409,1,600,12,'2005-05-18 00:00:00'),(2409,2,601,24,'2005-05-18 00:00:00'),(2410,1,400,12,'2005-05-17 00:00:00'),(2411,1,300,36,'2005-05-19 00:00:00'),(2411,2,301,24,'2005-05-19 00:00:00'),(2411,3,302,12,'2005-05-19 00:00:00'),(2412,1,400,24,'2005-05-20 00:00:00'),(2412,2,401,24,'2005-05-20 00:00:00'),(2413,1,500,60,'2005-05-19 00:00:00'),(2414,1,501,36,'2005-05-21 00:00:00'),(2414,2,600,24,'2005-05-21 00:00:00'),(2415,1,601,12,'2005-05-21 00:00:00'),(2416,1,700,36,'2005-05-20 00:00:00'),(2417,1,302,12,'2005-05-20 00:00:00'),(2418,1,300,24,'2005-05-24 00:00:00'),(2418,2,301,12,'2005-05-24 00:00:00'),(2419,1,302,24,'2005-05-21 00:00:00'),(2420,1,400,36,'2005-05-25 00:00:00'),(2421,1,401,48,'2005-05-25 00:00:00'),(2422,1,500,36,'2005-05-24 00:00:00'),(2423,1,501,12,'2005-05-26 00:00:00'),(2423,2,600,24,'2005-05-26 00:00:00'),(2424,1,601,36,'2005-05-26 00:00:00'),(2425,1,600,24,'2005-05-26 00:00:00'),(2425,2,700,12,'2005-05-26 00:00:00'),(2426,1,300,12,'2005-05-31 00:00:00'),(2426,2,301,24,'2005-05-31 00:00:00'),(2426,3,302,24,'2005-05-31 00:00:00'),(2427,1,700,36,'2005-05-26 00:00:00'),(2428,1,400,12,'2005-06-01 00:00:00'),(2428,2,401,24,'2005-06-01 00:00:00'),(2429,1,500,24,'2005-05-31 00:00:00'),(2430,1,501,12,'2005-06-02 00:00:00'),(2430,2,600,24,'2005-06-02 00:00:00'),(2431,1,601,36,'2005-06-01 00:00:00'),(2432,1,300,24,'2005-06-03 00:00:00'),(2432,2,700,12,'2005-06-03 00:00:00'),(2433,1,301,36,'2005-06-03 00:00:00'),(2434,1,302,12,'2005-06-04 00:00:00'),(2434,2,400,24,'2005-06-04 00:00:00'),(2435,1,401,24,'2005-06-04 00:00:00'),(2436,1,500,36,'2005-06-07 00:00:00'),(2436,2,501,24,'2005-06-07 00:00:00'),(2437,1,600,12,'2005-06-04 00:00:00'),(2438,1,601,24,'2005-06-08 00:00:00'),(2438,2,700,36,'2005-06-08 00:00:00'),(2439,1,300,12,'2005-06-07 00:00:00'),(2439,2,301,12,'2005-06-07 00:00:00'),(2440,1,400,24,'2005-06-09 00:00:00'),(2440,2,401,12,'2005-06-09 00:00:00'),(2441,1,500,36,'2005-06-08 00:00:00'),(2441,2,501,36,'2005-06-08 00:00:00'),(2442,1,700,12,'2005-06-09 00:00:00'),(2443,1,600,24,'2005-06-10 00:00:00'),(2443,2,601,12,'2005-06-10 00:00:00'),(2444,1,300,24,'2005-06-09 00:00:00'),(2445,1,301,36,'2005-06-11 00:00:00'),(2445,2,302,24,'2005-06-11 00:00:00'),(2446,1,400,36,'2005-06-11 00:00:00'),(2446,2,401,24,'2005-06-11 00:00:00'),(2447,1,500,12,'2005-06-14 00:00:00'),(2447,2,501,24,'2005-06-14 00:00:00'),(2448,1,600,12,'2005-06-11 00:00:00'),(2449,1,601,24,'2005-06-15 00:00:00'),(2449,2,700,36,'2005-06-15 00:00:00'),(2450,1,300,12,'2005-06-14 00:00:00'),(2451,1,301,24,'2005-06-16 00:00:00'),(2451,2,302,12,'2005-06-16 00:00:00'),(2452,1,400,24,'2005-06-16 00:00:00'),(2453,1,401,12,'2005-06-17 00:00:00'),(2453,2,500,12,'2005-06-17 00:00:00'),(2454,1,501,36,'2005-06-17 00:00:00'),(2455,1,600,24,'2005-06-18 00:00:00'),(2455,2,601,24,'2005-06-18 00:00:00'),(2456,1,700,12,'2005-06-17 00:00:00'),(2457,1,300,12,'2005-06-17 00:00:00'),(2458,1,301,24,'2005-06-18 00:00:00'),(2458,2,302,24,'2005-06-18 00:00:00'),(2459,1,400,12,'2005-06-22 00:00:00'),(2459,2,401,24,'2005-06-22 00:00:00'),(2460,1,500,12,'2005-06-22 00:00:00'),(2460,2,501,24,'2005-06-22 00:00:00'),(2461,1,600,36,'2005-06-23 00:00:00'),(2461,2,601,48,'2005-06-23 00:00:00'),(2462,1,401,12,'2005-06-24 00:00:00'),(2462,2,700,60,'2005-06-22 00:00:00'),(2463,1,300,36,'2005-06-23 00:00:00'),(2463,2,301,24,'2005-06-23 00:00:00'),(2463,3,500,24,'2005-06-28 00:00:00'),(2463,4,501,12,'2005-06-28 00:00:00'),(2464,1,400,12,'2005-06-24 00:00:00'),(2464,2,600,36,'2005-06-29 00:00:00'),(2464,3,601,48,'2005-06-29 00:00:00'),(2465,1,400,12,'2005-06-29 00:00:00'),(2465,2,700,24,'2005-06-29 00:00:00'),(2466,1,500,12,'2005-06-30 00:00:00'),(2466,2,501,24,'2005-06-29 00:00:00'),(2467,1,600,36,'2005-06-29 00:00:00'),(2468,1,300,24,'2005-07-01 00:00:00'),(2468,2,700,24,'2005-07-01 00:00:00'),(2469,1,400,12,'2005-06-20 00:00:00'),(2470,1,500,12,'2005-07-01 00:00:00'),(2471,1,600,24,'2005-07-01 00:00:00'),(2472,1,700,60,'2005-07-01 00:00:00'),(2473,1,300,12,'2005-07-06 00:00:00'),(2473,2,301,24,'2005-07-06 00:00:00'),(2474,1,400,36,'2005-07-05 00:00:00'),(2474,2,401,24,'2005-07-05 00:00:00'),(2475,1,500,36,'2005-07-07 00:00:00'),(2475,2,501,24,'2005-07-07 00:00:00'),(2476,1,700,60,'2005-07-08 00:00:00'),(2477,1,300,36,'2005-07-08 00:00:00'),(2477,2,302,24,'2005-07-08 00:00:00'),(2478,1,400,12,'2005-07-09 00:00:00'),(2478,2,401,24,'2005-07-09 00:00:00'),(2479,1,500,36,'2005-07-08 00:00:00'),(2479,2,501,24,'2005-07-08 00:00:00'),(2480,1,600,24,'2005-07-12 00:00:00'),(2480,2,601,12,'2005-07-12 00:00:00'),(2481,1,302,12,'2005-07-12 00:00:00'),(2481,2,700,72,'2005-07-12 00:00:00'),(2482,1,300,24,'2005-07-13 00:00:00'),(2482,2,301,24,'2005-07-13 00:00:00'),(2483,1,700,36,'2005-07-13 00:00:00'),(2484,1,401,24,'2005-07-15 00:00:00'),(2485,1,500,24,'2005-07-15 00:00:00'),(2485,2,501,12,'2005-07-15 00:00:00'),(2486,1,600,36,'2005-07-16 00:00:00'),(2486,2,601,24,'2005-07-16 00:00:00'),(2487,1,700,48,'2005-07-16 00:00:00'),(2488,1,300,12,'2005-07-19 00:00:00'),(2488,2,301,12,'2005-07-19 00:00:00'),(2489,1,400,24,'2005-07-19 00:00:00'),(2489,2,601,24,'2005-07-19 00:00:00'),(2490,1,500,36,'2005-07-20 00:00:00'),(2490,2,501,36,'2005-07-20 00:00:00'),(2491,1,600,24,'2005-07-20 00:00:00'),(2491,2,601,24,'2005-07-20 00:00:00'),(2492,1,300,12,'2005-07-21 00:00:00'),(2492,2,301,12,'2005-07-21 00:00:00'),(2493,1,400,24,'2005-07-22 00:00:00'),(2493,2,401,12,'2005-07-22 00:00:00'),(2494,1,500,36,'2005-07-22 00:00:00'),(2495,1,600,24,'2005-07-23 00:00:00'),(2495,2,601,12,'2005-07-23 00:00:00'),(2496,1,500,24,'2005-07-26 00:00:00'),(2496,2,501,12,'2005-07-26 00:00:00'),(2497,1,700,48,'2005-07-26 00:00:00'),(2498,1,300,12,'2005-07-27 00:00:00'),(2498,2,301,12,'2005-07-27 00:00:00'),(2499,1,400,24,'2005-07-27 00:00:00'),(2499,2,401,24,'2005-07-27 00:00:00'),(2500,1,302,36,'2005-07-28 00:00:00'),(2500,2,700,48,'2005-07-28 00:00:00'),(2501,1,500,12,'2005-07-27 00:00:00'),(2501,2,501,12,'2005-07-27 00:00:00'),(2502,1,600,24,'2005-07-29 00:00:00'),(2502,2,601,24,'2005-07-29 00:00:00'),(2503,1,700,12,'2005-07-28 00:00:00'),(2504,1,300,24,'2005-07-30 00:00:00'),(2504,2,301,24,'2005-07-30 00:00:00'),(2505,1,700,12,'2005-07-29 00:00:00'),(2506,1,400,36,'2005-07-30 00:00:00'),(2506,2,401,24,'2005-07-30 00:00:00'),(2507,1,500,12,'2005-08-02 00:00:00'),(2507,2,501,12,'2005-08-02 00:00:00'),(2508,1,300,36,'2005-08-03 00:00:00'),(2508,2,302,36,'2005-08-03 00:00:00'),(2509,1,301,24,'2005-08-04 00:00:00'),(2509,2,400,12,'2005-08-04 00:00:00'),(2510,1,500,36,'2005-08-05 00:00:00'),(2510,2,501,24,'2005-08-05 00:00:00'),(2511,1,600,12,'2005-08-06 00:00:00'),(2511,2,601,24,'2005-08-06 00:00:00'),(2512,1,700,60,'2005-08-06 00:00:00'),(2513,1,300,12,'2005-08-09 00:00:00'),(2513,2,301,12,'2005-08-09 00:00:00'),(2513,3,302,12,'2005-08-09 00:00:00'),(2514,1,400,24,'2005-08-10 00:00:00'),(2514,2,401,24,'2005-08-10 00:00:00'),(2515,1,500,36,'2005-08-10 00:00:00'),(2515,2,501,36,'2005-08-10 00:00:00'),(2516,1,600,12,'2005-08-11 00:00:00'),(2516,2,601,12,'2005-08-11 00:00:00'),(2517,1,700,48,'2005-08-11 00:00:00'),(2518,1,300,24,'2005-08-11 00:00:00'),(2518,2,301,24,'2005-08-11 00:00:00'),(2519,1,400,36,'2005-08-12 00:00:00'),(2520,1,500,12,'2005-08-13 00:00:00'),(2520,2,501,24,'2005-08-13 00:00:00'),(2521,1,600,36,'2005-08-13 00:00:00'),(2521,2,601,36,'2005-08-13 00:00:00'),(2522,1,700,60,'2005-08-13 00:00:00'),(2523,1,700,12,'2005-08-17 00:00:00'),(2524,1,300,24,'2005-08-18 00:00:00'),(2524,2,302,24,'2005-08-18 00:00:00'),(2525,1,400,24,'2005-08-19 00:00:00'),(2525,2,401,25,'2005-08-19 00:00:00'),(2526,1,302,12,'2005-08-20 00:00:00'),(2526,2,700,12,'2005-08-20 00:00:00'),(2527,1,400,36,'2005-08-20 00:00:00'),(2528,1,500,48,'2005-08-23 00:00:00'),(2528,2,700,36,'2005-08-23 00:00:00'),(2529,1,300,12,'2005-08-24 00:00:00'),(2529,2,301,12,'2005-08-24 00:00:00'),(2530,1,400,24,'2005-08-24 00:00:00'),(2531,1,500,36,'2005-08-25 00:00:00'),(2531,2,501,36,'2005-08-25 00:00:00'),(2532,1,600,12,'2005-08-24 00:00:00'),(2533,1,400,24,'2005-08-26 00:00:00'),(2533,2,401,24,'2005-08-26 00:00:00'),(2534,1,301,12,'2005-08-26 00:00:00'),(2535,1,300,24,'2005-08-27 00:00:00'),(2535,2,301,24,'2005-08-27 00:00:00'),(2535,3,302,24,'2005-08-27 00:00:00'),(2536,1,700,48,'2005-08-27 00:00:00'),(2537,1,600,24,'2005-08-30 00:00:00'),(2537,2,601,12,'2005-08-30 00:00:00'),(2538,1,300,12,'2005-08-31 00:00:00'),(2538,2,301,24,'2005-08-31 00:00:00'),(2539,1,400,36,'2005-08-31 00:00:00'),(2539,2,401,36,'2005-08-31 00:00:00'),(2540,1,500,12,'2005-09-01 00:00:00'),(2540,2,501,12,'2005-09-01 00:00:00'),(2541,1,700,24,'2005-08-31 00:00:00'),(2542,1,400,48,'2005-09-02 00:00:00'),(2542,2,401,48,'2005-09-02 00:00:00'),(2543,1,500,12,'2005-09-02 00:00:00'),(2544,1,300,12,'2005-09-03 00:00:00'),(2544,2,301,12,'2005-09-03 00:00:00'),(2545,1,302,24,'2005-09-03 00:00:00'),(2546,1,400,36,'2005-09-06 00:00:00'),(2546,2,401,36,'2005-09-06 00:00:00'),(2547,1,500,24,'2005-09-06 00:00:00'),(2547,2,501,12,'2005-09-06 00:00:00'),(2548,1,600,24,'2005-09-06 00:00:00'),(2549,1,300,12,'2005-09-07 00:00:00'),(2549,2,301,12,'2005-09-07 00:00:00'),(2550,1,302,24,'2005-09-07 00:00:00'),(2551,1,700,12,'2005-09-08 00:00:00'),(2552,1,300,36,'2005-09-09 00:00:00'),(2552,2,301,36,'2005-09-09 00:00:00'),(2553,1,302,24,'2005-09-09 00:00:00'),(2554,1,400,12,'2005-09-10 00:00:00'),(2554,2,401,12,'2005-09-10 00:00:00'),(2555,1,500,36,'2005-09-10 00:00:00'),(2556,1,600,24,'2005-09-10 00:00:00'),(2556,2,601,24,'2005-09-10 00:00:00'),(2557,1,300,12,'2005-09-13 00:00:00'),(2557,2,301,12,'2005-09-13 00:00:00'),(2558,1,400,24,'2005-09-13 00:00:00'),(2559,1,700,60,'2005-09-14 00:00:00'),(2560,1,300,24,'2005-09-15 00:00:00'),(2560,2,301,24,'2005-09-15 00:00:00'),(2561,1,400,12,'2005-09-15 00:00:00'),(2561,2,401,12,'2005-09-15 00:00:00'),(2562,1,302,48,'2005-09-16 00:00:00'),(2562,2,400,36,'2005-09-16 00:00:00'),(2563,1,302,12,'2005-09-16 00:00:00'),(2563,2,700,24,'2005-09-16 00:00:00'),(2564,1,301,12,'2005-09-20 00:00:00'),(2564,2,302,12,'2005-09-20 00:00:00'),(2565,1,400,36,'2005-09-20 00:00:00'),(2566,1,500,24,'2005-09-21 00:00:00'),(2566,2,501,24,'2005-09-21 00:00:00'),(2567,1,401,48,'2005-09-20 00:00:00'),(2568,1,600,36,'2005-09-22 00:00:00'),(2568,2,601,36,'2005-09-22 00:00:00'),(2569,1,300,12,'2005-09-22 00:00:00'),(2569,2,700,24,'2005-09-22 00:00:00'),(2570,1,400,36,'2005-09-23 00:00:00'),(2570,2,401,24,'2005-09-23 00:00:00'),(2571,1,302,12,'2005-09-23 00:00:00'),(2571,2,700,12,'2005-09-23 00:00:00'),(2572,1,600,72,'2005-09-23 00:00:00'),(2573,1,300,24,'2005-09-24 00:00:00'),(2573,2,302,24,'2005-09-24 00:00:00'),(2574,1,301,48,'2005-09-23 00:00:00'),(2575,1,400,24,'2005-09-27 00:00:00'),(2575,2,401,12,'2005-09-27 00:00:00'),(2576,1,500,36,'2005-09-27 00:00:00'),(2576,2,501,24,'2005-09-27 00:00:00'),(2577,1,300,12,'2005-09-28 00:00:00'),(2577,2,301,12,'2005-09-28 00:00:00'),(2577,3,302,12,'2005-09-28 00:00:00'),(2578,1,700,36,'2005-09-18 00:00:00'),(2579,1,500,60,'2005-10-01 00:00:00'),(2580,1,700,12,'2005-09-28 00:00:00'),(2581,1,400,24,'2005-09-30 00:00:00'),(2582,1,400,12,'2005-10-01 00:00:00'),(2583,1,600,24,'2005-10-05 00:00:00'),(2583,2,601,24,'2005-10-05 00:00:00'),(2584,1,600,36,'2005-10-06 00:00:00'),(2584,2,601,24,'2005-10-06 00:00:00'),(2585,1,300,12,'2005-10-08 00:00:00'),(2585,2,301,12,'2005-10-08 00:00:00'),(2586,1,400,24,'2005-10-11 00:00:00'),(2586,2,401,12,'2005-10-11 00:00:00'),(2587,1,300,36,'2005-10-12 00:00:00'),(2587,2,301,36,'2005-10-12 00:00:00'),(2588,1,400,24,'2005-10-13 00:00:00'),(2588,2,401,24,'2005-10-13 00:00:00'),(2589,1,500,12,'2005-10-13 00:00:00'),(2589,2,501,12,'2005-10-13 00:00:00'),(2590,1,700,36,'2005-10-14 00:00:00'),(2591,1,300,24,'2005-10-14 00:00:00'),(2591,2,301,24,'2005-10-14 00:00:00'),(2592,1,302,12,'2005-10-13 00:00:00'),(2593,1,400,12,'2005-10-18 00:00:00'),(2593,2,401,24,'2005-10-18 00:00:00'),(2594,1,600,12,'2005-10-18 00:00:00'),(2594,2,601,12,'2005-10-18 00:00:00'),(2595,1,700,48,'2005-10-18 00:00:00'),(2596,1,500,24,'2005-10-19 00:00:00'),(2596,2,501,24,'2005-10-19 00:00:00'),(2597,1,300,12,'2005-10-19 00:00:00'),(2597,2,301,12,'2005-10-19 00:00:00'),(2598,1,400,24,'2005-10-20 00:00:00'),(2598,2,401,36,'2005-10-20 00:00:00'),(2599,1,302,72,'2005-10-19 00:00:00'),(2600,1,601,24,'2005-10-20 00:00:00'),(2601,1,400,36,'2005-10-21 00:00:00'),(2601,2,401,36,'2005-10-21 00:00:00'),(2602,1,500,12,'2005-10-21 00:00:00'),(2602,2,601,24,'2005-10-21 00:00:00'),(2603,1,301,12,'2005-10-22 00:00:00'),(2603,2,700,36,'2005-10-22 00:00:00'),(2604,1,400,24,'2005-10-25 00:00:00'),(2604,2,401,24,'2005-10-25 00:00:00'),(2605,1,700,36,'2005-10-22 00:00:00'),(2606,1,500,12,'2005-10-26 00:00:00'),(2606,2,501,24,'2005-10-26 00:00:00'),(2607,1,302,48,'2005-10-26 00:00:00'),(2608,1,601,12,'2005-10-25 00:00:00'),(2609,1,600,36,'2005-10-27 00:00:00'),(2609,2,601,24,'2005-10-27 00:00:00'),(2610,1,300,12,'2005-10-27 00:00:00'),(2610,2,301,12,'2005-10-27 00:00:00'),(2611,1,302,24,'2005-10-28 00:00:00'),(2611,2,700,48,'2005-10-28 00:00:00'),(2612,1,400,24,'2005-10-28 00:00:00'),(2613,1,500,36,'2005-10-29 00:00:00'),(2613,2,501,36,'2005-10-29 00:00:00'),(2614,1,600,24,'2005-10-28 00:00:00'),(2615,1,700,60,'2005-10-29 00:00:00'),(2616,1,301,12,'2005-11-01 00:00:00'),(2616,2,501,24,'2005-11-01 00:00:00'),(2617,1,400,24,'2005-11-03 00:00:00'),(2617,2,401,12,'2005-11-03 00:00:00'),(2618,1,600,12,'2005-11-03 00:00:00'),(2618,2,601,24,'2005-11-03 00:00:00'),(2619,1,300,12,'2005-11-04 00:00:00'),(2619,2,700,36,'2005-11-04 00:00:00'),(2620,1,301,24,'2005-11-04 00:00:00'),(2620,2,302,24,'2005-11-04 00:00:00'),(2621,1,400,12,'2005-11-05 00:00:00'),(2621,2,401,12,'2005-11-05 00:00:00'),(2622,1,302,24,'2005-11-05 00:00:00'),(2623,1,600,12,'2005-11-08 00:00:00'),(2623,2,700,12,'2005-11-08 00:00:00'),(2624,1,601,24,'2005-11-08 00:00:00'),(2625,1,302,12,'2005-11-09 00:00:00'),(2625,2,501,24,'2005-11-09 00:00:00'),(2625,3,700,24,'2005-11-09 00:00:00'),(2626,1,400,12,'2005-11-09 00:00:00'),(2626,2,500,12,'2005-11-09 00:00:00'),(2627,1,300,24,'2005-11-10 00:00:00'),(2627,2,301,24,'2005-11-10 00:00:00'),(2627,3,302,12,'2005-11-10 00:00:00'),(2628,1,400,36,'2005-11-10 00:00:00'),(2629,1,600,12,'2005-11-11 00:00:00'),(2629,2,601,24,'2005-11-11 00:00:00'),(2630,1,302,36,'2005-11-11 00:00:00'),(2631,1,400,12,'2005-11-12 00:00:00'),(2631,2,401,12,'2005-11-12 00:00:00'),(2632,1,600,24,'2005-11-12 00:00:00'),(2632,2,601,24,'2005-11-12 00:00:00'),(2633,1,300,12,'2005-11-15 00:00:00'),(2633,2,301,12,'2005-11-15 00:00:00'),(2634,1,400,24,'2005-11-15 00:00:00'),(2635,1,700,72,'2005-11-16 00:00:00'),(2636,1,600,24,'2005-11-17 00:00:00'),(2636,2,601,24,'2005-11-17 00:00:00'),(2637,1,501,48,'2005-11-16 00:00:00'),(2638,1,300,24,'2005-11-18 00:00:00'),(2639,1,401,36,'2005-11-17 00:00:00'),(2640,1,600,24,'2005-11-19 00:00:00'),(2641,1,501,36,'2005-11-18 00:00:00'),(2641,2,700,24,'2005-11-18 00:00:00'),(2642,1,300,12,'2005-11-22 00:00:00'),(2643,1,301,24,'2005-11-22 00:00:00'),(2644,1,600,36,'2005-11-23 00:00:00'),(2645,1,601,12,'2005-11-23 00:00:00'),(2646,1,302,24,'2005-11-25 00:00:00'),(2647,1,401,36,'2005-11-24 00:00:00'),(2648,1,600,12,'2005-11-26 00:00:00'),(2649,1,700,36,'2005-11-26 00:00:00'),(2650,1,600,24,'2005-11-29 00:00:00'),(2650,2,601,36,'2005-11-29 00:00:00'),(2651,1,700,48,'2005-11-29 00:00:00'),(2652,1,400,36,'2005-11-26 00:00:00'),(2652,2,300,10,'2006-01-01 00:00:00'),(2653,1,301,0,'2006-10-17 00:00:00'),(2654,1,301,15,'2006-10-29 00:00:00'),(2654,2,302,3,'2006-10-29 00:00:00'),(2654,3,400,8,'2006-10-29 00:00:00');
/*!40000 ALTER TABLE `sales_order_item` ENABLE KEYS */;
UNLOCK TABLES;
/*!40103 SET TIME_ZONE=@OLD_TIME_ZONE */;

/*!40101 SET SQL_MODE=@OLD_SQL_MODE */;
/*!40014 SET FOREIGN_KEY_CHECKS=@OLD_FOREIGN_KEY_CHECKS */;
/*!40014 SET UNIQUE_CHECKS=@OLD_UNIQUE_CHECKS */;
/*!40101 SET CHARACTER_SET_CLIENT=@OLD_CHARACTER_SET_CLIENT */;
/*!40101 SET CHARACTER_SET_RESULTS=@OLD_CHARACTER_SET_RESULTS */;
/*!40101 SET COLLATION_CONNECTION=@OLD_COLLATION_CONNECTION */;
/*!40111 SET SQL_NOTES=@OLD_SQL_NOTES */;

-- Dump completed on 2018-02-02 16:33:06
